Start Time,End Time,Actor,Event Type,System 1,System 2,System 3,System 4,System 5
2021-03-19 12:08:32.729183,2021-03-19 12:13:58.236681,Actor 2,Event type 5,No,No,Yes,No,No
2021-03-19 12:14:04.455288,2021-03-19 12:14:10.673895,Actor 2,Event type 1,Yes,Yes,Yes,Yes,No
2021-03-19 12:14:28.963194,2021-03-19 12:14:47.252493,Actor 2,Event type 2,No,No,No,Yes,Yes
2021-03-19 12:14:50.843713,2021-03-19 12:14:54.434933,Actor 1,Event type 2,No,No,No,Yes,No
2021-03-19 12:17:54.646476,2021-03-19 12:20:54.858019,Actor 2,Event type 1,No,No,No,No,Yes
2021-03-19 12:23:29.038531,2021-03-19 12:26:03.219043,Actor 2,Event type 2,No,Yes,No,Yes,No
2021-03-19 12:28:42.229916,2021-03-19 12:31:21.240789,Actor 2,Event type 5,No,Yes,Yes,No,No
2021-03-19 12:34:45.996258,2021-03-19 12:38:10.751727,Actor 2,Event type 4,Yes,No,Yes,No,Yes
2021-03-19 12:41:31.008546,2021-03-19 12:44:51.265365,Actor 1,Event type 5,No,Yes,Yes,No,No
2021-03-19 12:48:33.678281,2021-03-19 12:52:16.091197,Actor 1,Event type 1,Yes,Yes,No,No,Yes
2021-03-19 12:55:22.949084,2021-03-19 12:58:29.806971,Actor 2,Event type 5,Yes,Yes,No,Yes,No
2021-03-19 13:03:45.498304,2021-03-19 13:09:01.189637,Actor 2,Event type 2,No,No,Yes,No,Yes
2021-03-19 13:13:52.956662,2021-03-19 13:18:44.723687,Actor 2,Event type 3,Yes,No,Yes,No,No
2021-03-19 13:22:39.897471,2021-03-19 13:26:35.071255,Actor 1,Event type 3,Yes,No,No,No,No
2021-03-19 13:27:17.651176,2021-03-19 13:28:00.231097,Actor 1,Event type 4,Yes,No,Yes,Yes,No
2021-03-19 13:30:41.761527,2021-03-19 13:33:23.291957,Actor 1,Event type 2,No,No,Yes,Yes,Yes
2021-03-19 13:36:37.472557,2021-03-19 13:39:51.653157,Actor 1,Event type 4,Yes,Yes,No,Yes,No
2021-03-19 13:44:33.043445,2021-03-19 13:49:14.433733,Actor 1,Event type 2,Yes,No,Yes,Yes,Yes
2021-03-19 13:54:04.365782,2021-03-19 13:58:54.297831,Actor 2,Event type 5,Yes,Yes,No,Yes,Yes
2021-03-19 13:59:22.393650,2021-03-19 13:59:50.489469,Actor 2,Event type 1,Yes,Yes,Yes,No,Yes
2021-03-19 14:05:27.518116,2021-03-19 14:11:04.546763,Actor 1,Event type 5,Yes,Yes,No,No,Yes
2021-03-19 14:11:05.132427,2021-03-19 14:11:05.718091,Actor 2,Event type 3,No,Yes,Yes,No,Yes
2021-03-19 14:15:26.692921,2021-03-19 14:19:47.667751,Actor 2,Event type 4,Yes,Yes,No,No,No
2021-03-19 14:24:39.442440,2021-03-19 14:29:31.217129,Actor 1,Event type 2,Yes,Yes,Yes,No,No
2021-03-19 14:30:05.895263,2021-03-19 14:30:40.573397,Actor 2,Event type 3,Yes,No,No,Yes,Yes
2021-03-19 14:36:40.204359,2021-03-19 14:42:39.835321,Actor 2,Event type 4,No,No,Yes,No,Yes
2021-03-19 14:46:40.668659,2021-03-19 14:50:41.501997,Actor 2,Event type 5,Yes,No,No,No,No
2021-03-19 14:51:26.749629,2021-03-19 14:52:11.997261,Actor 1,Event type 5,No,No,Yes,Yes,Yes
2021-03-19 14:54:55.059974,2021-03-19 14:57:38.122687,Actor 2,Event type 2,Yes,No,No,Yes,No
2021-03-19 14:59:59.544132,2021-03-19 15:02:20.965577,Actor 2,Event type 4,No,No,Yes,No,Yes
2021-03-19 15:08:09.214202,2021-03-19 15:13:57.462827,Actor 1,Event type 3,Yes,Yes,Yes,No,Yes
2021-03-19 15:15:20.885173,2021-03-19 15:16:44.307519,Actor 2,Event type 2,No,No,No,No,Yes
2021-03-19 15:22:20.801246,2021-03-19 15:27:57.294973,Actor 2,Event type 5,No,Yes,No,No,No
2021-03-19 15:29:39.026960,2021-03-19 15:31:20.758947,Actor 1,Event type 5,Yes,No,No,Yes,Yes
2021-03-19 15:33:19.888484,2021-03-19 15:35:19.018021,Actor 2,Event type 5,No,No,No,Yes,No
2021-03-19 15:40:42.243859,2021-03-19 15:46:05.469697,Actor 2,Event type 3,No,Yes,Yes,Yes,No
2021-03-19 15:48:44.175809,2021-03-19 15:51:22.881921,Actor 1,Event type 4,No,Yes,No,No,No
2021-03-19 15:51:24.898766,2021-03-19 15:51:26.915611,Actor 2,Event type 5,Yes,No,Yes,No,No
2021-03-19 15:54:55.733376,2021-03-19 15:58:24.551141,Actor 1,Event type 5,Yes,No,No,Yes,Yes
2021-03-19 16:03:42.499883,2021-03-19 16:09:00.448625,Actor 1,Event type 5,Yes,Yes,Yes,Yes,No
2021-03-19 16:10:20.464798,2021-03-19 16:11:40.480971,Actor 1,Event type 1,Yes,Yes,No,No,Yes
2021-03-19 16:15:46.645611,2021-03-19 16:19:52.810251,Actor 2,Event type 5,Yes,Yes,No,Yes,Yes
2021-03-19 16:24:56.236519,2021-03-19 16:29:59.662787,Actor 2,Event type 4,No,Yes,Yes,No,Yes
2021-03-19 16:34:21.187944,2021-03-19 16:38:42.713101,Actor 1,Event type 1,Yes,No,No,Yes,Yes
2021-03-19 16:42:49.664934,2021-03-19 16:46:56.616767,Actor 2,Event type 1,No,No,Yes,No,No
2021-03-19 16:51:31.486545,2021-03-19 16:56:06.356323,Actor 2,Event type 1,Yes,Yes,Yes,Yes,Yes
2021-03-19 17:00:49.533395,2021-03-19 17:05:32.710467,Actor 2,Event type 1,No,No,No,No,No
2021-03-19 17:06:51.849891,2021-03-19 17:08:10.989315,Actor 1,Event type 2,Yes,No,No,Yes,Yes
2021-03-19 17:09:24.597774,2021-03-19 17:10:38.206233,Actor 1,Event type 2,No,No,No,No,No
2021-03-19 17:13:06.607706,2021-03-19 17:15:35.009179,Actor 2,Event type 2,No,Yes,No,No,Yes
2021-03-19 17:17:40.725181,2021-03-19 17:19:46.441183,Actor 1,Event type 2,Yes,Yes,Yes,No,No
2021-03-19 17:22:56.415496,2021-03-19 17:26:06.389809,Actor 1,Event type 4,Yes,No,Yes,Yes,No
2021-03-19 17:29:51.174354,2021-03-19 17:33:35.958899,Actor 2,Event type 1,Yes,No,No,Yes,Yes
2021-03-19 17:39:31.558628,2021-03-19 17:45:27.158357,Actor 2,Event type 2,No,Yes,No,No,Yes
2021-03-19 17:50:45.360752,2021-03-19 17:56:03.563147,Actor 2,Event type 4,No,Yes,No,No,Yes
2021-03-19 17:59:47.850855,2021-03-19 18:03:32.138563,Actor 2,Event type 3,No,Yes,Yes,Yes,No
2021-03-19 18:07:57.218952,2021-03-19 18:12:22.299341,Actor 1,Event type 4,Yes,Yes,No,No,No
2021-03-19 18:12:41.394528,2021-03-19 18:13:00.489715,Actor 2,Event type 5,Yes,No,Yes,Yes,No
2021-03-19 18:16:59.557931,2021-03-19 18:20:58.626147,Actor 2,Event type 2,No,Yes,Yes,No,No
2021-03-19 18:26:12.185349,2021-03-19 18:31:25.744551,Actor 1,Event type 4,No,No,No,Yes,No
2021-03-19 18:37:14.555825,2021-03-19 18:43:03.367099,Actor 2,Event type 2,Yes,No,Yes,Yes,No
2021-03-19 18:44:35.802896,2021-03-19 18:46:08.238693,Actor 1,Event type 5,No,No,No,No,Yes
2021-03-19 18:49:42.023202,2021-03-19 18:53:15.807711,Actor 2,Event type 2,No,Yes,Yes,Yes,No
2021-03-19 18:59:11.598239,2021-03-19 19:05:07.388767,Actor 2,Event type 4,No,No,No,No,No
2021-03-19 19:09:49.306378,2021-03-19 19:14:31.223989,Actor 1,Event type 5,Yes,Yes,No,No,No
2021-03-19 19:16:58.375582,2021-03-19 19:19:25.527175,Actor 1,Event type 3,No,No,Yes,Yes,Yes
2021-03-19 19:20:58.357401,2021-03-19 19:22:31.187627,Actor 2,Event type 5,Yes,No,Yes,Yes,No
2021-03-19 19:25:29.983152,2021-03-19 19:28:28.778677,Actor 1,Event type 1,No,Yes,No,Yes,No
2021-03-19 19:30:01.713494,2021-03-19 19:31:34.648311,Actor 2,Event type 3,Yes,No,No,No,No
2021-03-19 19:37:09.177359,2021-03-19 19:42:43.706407,Actor 1,Event type 5,No,No,No,No,Yes
2021-03-19 19:48:15.907692,2021-03-19 19:53:48.108977,Actor 2,Event type 2,Yes,Yes,Yes,Yes,Yes
2021-03-19 19:59:47.334831,2021-03-19 20:05:46.560685,Actor 2,Event type 4,No,No,No,No,Yes
2021-03-19 20:09:26.806556,2021-03-19 20:13:07.052427,Actor 1,Event type 2,Yes,No,No,No,Yes
2021-03-19 20:13:47.287664,2021-03-19 20:14:27.522901,Actor 1,Event type 2,No,No,No,No,Yes
2021-03-19 20:19:34.446386,2021-03-19 20:24:41.369871,Actor 1,Event type 3,Yes,Yes,No,Yes,Yes
2021-03-19 20:26:43.528280,2021-03-19 20:28:45.686689,Actor 2,Event type 3,Yes,No,No,No,Yes
2021-03-19 20:33:55.055355,2021-03-19 20:39:04.424021,Actor 2,Event type 3,No,No,No,No,Yes
2021-03-19 20:42:35.322195,2021-03-19 20:46:06.220369,Actor 1,Event type 5,No,No,No,No,No
2021-03-19 20:46:58.606550,2021-03-19 20:47:50.992731,Actor 1,Event type 3,No,Yes,No,Yes,No
2021-03-19 20:50:13.367584,2021-03-19 20:52:35.742437,Actor 2,Event type 4,Yes,Yes,Yes,Yes,Yes
2021-03-19 20:58:13.966064,2021-03-19 21:03:52.189691,Actor 2,Event type 4,No,Yes,Yes,No,Yes
2021-03-19 21:07:07.019258,2021-03-19 21:10:21.848825,Actor 1,Event type 1,No,No,No,No,Yes
2021-03-19 21:10:47.501029,2021-03-19 21:11:13.153233,Actor 2,Event type 4,Yes,Yes,No,Yes,Yes
2021-03-19 21:14:29.111829,2021-03-19 21:17:45.070425,Actor 1,Event type 2,Yes,Yes,No,No,Yes
2021-03-19 21:21:11.546615,2021-03-19 21:24:38.022805,Actor 2,Event type 3,Yes,No,Yes,No,No
2021-03-19 21:27:34.242556,2021-03-19 21:30:30.462307,Actor 1,Event type 2,Yes,No,Yes,Yes,No
2021-03-19 21:33:03.914305,2021-03-19 21:35:37.366303,Actor 2,Event type 3,No,No,Yes,Yes,No
2021-03-19 21:39:03.147969,2021-03-19 21:42:28.929635,Actor 2,Event type 3,Yes,No,Yes,No,Yes
2021-03-19 21:47:12.930915,2021-03-19 21:51:56.932195,Actor 1,Event type 3,No,No,No,Yes,Yes
2021-03-19 21:57:28.285450,2021-03-19 22:02:59.638705,Actor 2,Event type 2,No,Yes,No,Yes,No
2021-03-19 22:07:46.203602,2021-03-19 22:12:32.768499,Actor 1,Event type 2,No,No,No,No,No
2021-03-19 22:14:56.811619,2021-03-19 22:17:20.854739,Actor 2,Event type 1,Yes,Yes,Yes,Yes,Yes
2021-03-19 22:21:13.357360,2021-03-19 22:25:05.859981,Actor 1,Event type 5,Yes,Yes,No,Yes,No
2021-03-19 22:29:56.171084,2021-03-19 22:34:46.482187,Actor 2,Event type 5,No,No,No,No,Yes
2021-03-19 22:36:43.014962,2021-03-19 22:38:39.547737,Actor 1,Event type 3,No,No,Yes,Yes,Yes
2021-03-19 22:43:57.779495,2021-03-19 22:49:16.011253,Actor 2,Event type 3,No,Yes,No,No,No
2021-03-19 22:53:14.799057,2021-03-19 22:57:13.586861,Actor 2,Event type 1,Yes,Yes,No,Yes,Yes
2021-03-19 22:59:14.208980,2021-03-19 23:01:14.831099,Actor 2,Event type 2,No,Yes,No,No,No
2021-03-19 23:05:15.723259,2021-03-19 23:09:16.615419,Actor 2,Event type 5,No,Yes,Yes,Yes,No
2021-03-19 23:14:52.969601,2021-03-19 23:20:29.323783,Actor 2,Event type 3,Yes,No,No,No,Yes
2021-03-19 23:22:35.180548,2021-03-19 23:24:41.037313,Actor 2,Event type 2,Yes,Yes,No,Yes,Yes
2021-03-19 23:27:32.113403,2021-03-19 23:30:23.189493,Actor 2,Event type 4,No,Yes,No,Yes,Yes
2021-03-19 23:33:04.484312,2021-03-19 23:35:45.779131,Actor 2,Event type 1,Yes,Yes,Yes,No,Yes
2021-03-19 23:37:35.677933,2021-03-19 23:39:25.576735,Actor 2,Event type 4,Yes,No,Yes,Yes,No
2021-03-19 23:42:08.059616,2021-03-19 23:44:50.542497,Actor 1,Event type 5,No,No,No,Yes,Yes
2021-03-19 23:47:12.697898,2021-03-19 23:49:34.853299,Actor 2,Event type 4,No,Yes,No,Yes,Yes
2021-03-19 23:52:03.176441,2021-03-19 23:54:31.499583,Actor 2,Event type 2,No,No,No,Yes,No
2021-03-19 23:56:17.759880,2021-03-19 23:58:04.020177,Actor 1,Event type 4,No,Yes,Yes,No,No
2021-03-19 23:58:28.135600,2021-03-19 23:58:52.251023,Actor 2,Event type 4,No,No,No,No,Yes
2021-03-20 00:04:41.375546,2021-03-20 00:10:30.500069,Actor 1,Event type 2,Yes,No,Yes,No,Yes
2021-03-20 00:11:03.598394,2021-03-20 00:11:36.696719,Actor 2,Event type 2,Yes,No,No,No,No
2021-03-20 00:15:31.082458,2021-03-20 00:19:25.468197,Actor 2,Event type 3,No,No,Yes,Yes,Yes
2021-03-20 00:21:30.988872,2021-03-20 00:23:36.509547,Actor 2,Event type 4,Yes,Yes,No,No,No
2021-03-20 00:24:27.811491,2021-03-20 00:25:19.113435,Actor 1,Event type 2,Yes,No,No,Yes,No
2021-03-20 00:25:37.312744,2021-03-20 00:25:55.512053,Actor 1,Event type 4,No,No,No,Yes,No
2021-03-20 00:27:53.164239,2021-03-20 00:29:50.816425,Actor 1,Event type 1,No,No,Yes,No,Yes
2021-03-20 00:32:57.161305,2021-03-20 00:36:03.506185,Actor 2,Event type 3,No,Yes,Yes,Yes,Yes
2021-03-20 00:36:27.298515,2021-03-20 00:36:51.090845,Actor 1,Event type 1,No,No,No,No,No
2021-03-20 00:38:12.477002,2021-03-20 00:39:33.863159,Actor 2,Event type 3,Yes,Yes,Yes,No,Yes
2021-03-20 00:43:50.213298,2021-03-20 00:48:06.563437,Actor 1,Event type 5,Yes,Yes,Yes,No,No
2021-03-20 00:48:34.913856,2021-03-20 00:49:03.264275,Actor 1,Event type 2,No,Yes,Yes,Yes,Yes
2021-03-20 00:52:10.445740,2021-03-20 00:55:17.627205,Actor 2,Event type 2,No,No,No,No,Yes
2021-03-20 00:58:06.365478,2021-03-20 01:00:55.103751,Actor 2,Event type 4,No,Yes,No,No,Yes
2021-03-20 01:01:54.100344,2021-03-20 01:02:53.096937,Actor 2,Event type 4,Yes,Yes,No,No,Yes
2021-03-20 01:05:38.047941,2021-03-20 01:08:22.998945,Actor 1,Event type 1,Yes,No,No,No,Yes
2021-03-20 01:13:56.905104,2021-03-20 01:19:30.811263,Actor 2,Event type 4,No,No,Yes,Yes,No
2021-03-20 01:21:35.048047,2021-03-20 01:23:39.284831,Actor 1,Event type 1,No,Yes,No,Yes,No
2021-03-20 01:28:50.726223,2021-03-20 01:34:02.167615,Actor 2,Event type 2,Yes,No,Yes,Yes,Yes
2021-03-20 01:39:20.180212,2021-03-20 01:44:38.192809,Actor 2,Event type 4,Yes,No,No,No,Yes
2021-03-20 01:48:46.648857,2021-03-20 01:52:55.104905,Actor 2,Event type 5,Yes,Yes,No,Yes,Yes
2021-03-20 01:53:17.083964,2021-03-20 01:53:39.063023,Actor 1,Event type 5,No,No,Yes,No,Yes
2021-03-20 01:59:22.718259,2021-03-20 02:05:06.373495,Actor 1,Event type 5,No,No,Yes,Yes,No
2021-03-20 02:07:26.512342,2021-03-20 02:09:46.651189,Actor 2,Event type 4,Yes,No,No,Yes,Yes
2021-03-20 02:12:41.427862,2021-03-20 02:15:36.204535,Actor 1,Event type 2,Yes,No,No,No,No
2021-03-20 02:19:03.232425,2021-03-20 02:22:30.260315,Actor 2,Event type 2,Yes,Yes,No,Yes,Yes
2021-03-20 02:27:49.551940,2021-03-20 02:33:08.843565,Actor 1,Event type 1,Yes,No,No,No,No
2021-03-20 02:35:18.579466,2021-03-20 02:37:28.315367,Actor 1,Event type 3,No,No,No,Yes,No
2021-03-20 02:40:22.842942,2021-03-20 02:43:17.370517,Actor 1,Event type 4,No,Yes,Yes,Yes,No
2021-03-20 02:49:08.808736,2021-03-20 02:55:00.246955,Actor 2,Event type 4,No,Yes,Yes,Yes,No
2021-03-20 02:56:30.778133,2021-03-20 02:58:01.309311,Actor 2,Event type 4,Yes,Yes,No,Yes,No
2021-03-20 02:59:17.013422,2021-03-20 03:00:32.717533,Actor 2,Event type 5,No,Yes,No,No,No
2021-03-20 03:05:43.394365,2021-03-20 03:10:54.071197,Actor 2,Event type 1,No,No,No,Yes,No
2021-03-20 03:13:59.758891,2021-03-20 03:17:05.446585,Actor 1,Event type 5,No,Yes,Yes,Yes,Yes
2021-03-20 03:19:01.812576,2021-03-20 03:20:58.178567,Actor 1,Event type 1,No,Yes,Yes,Yes,No
2021-03-20 03:23:05.143385,2021-03-20 03:25:12.108203,Actor 1,Event type 3,Yes,No,No,No,No
2021-03-20 03:30:05.458031,2021-03-20 03:34:58.807859,Actor 2,Event type 5,Yes,No,Yes,No,Yes
2021-03-20 03:37:08.682498,2021-03-20 03:39:18.557137,Actor 2,Event type 4,No,No,Yes,Yes,Yes
2021-03-20 03:40:17.544447,2021-03-20 03:41:16.531757,Actor 2,Event type 2,No,No,No,No,No
2021-03-20 03:45:03.815120,2021-03-20 03:48:51.098483,Actor 1,Event type 3,Yes,Yes,Yes,No,No
2021-03-20 03:51:10.901836,2021-03-20 03:53:30.705189,Actor 1,Event type 4,Yes,No,Yes,Yes,Yes
2021-03-20 03:53:34.145899,2021-03-20 03:53:37.586609,Actor 2,Event type 1,No,Yes,Yes,No,No
2021-03-20 03:54:36.406706,2021-03-20 03:55:35.226803,Actor 2,Event type 4,No,Yes,No,No,Yes
2021-03-20 03:58:34.068955,2021-03-20 04:01:32.911107,Actor 2,Event type 1,Yes,No,No,No,No
2021-03-20 04:04:35.517987,2021-03-20 04:07:38.124867,Actor 1,Event type 3,No,Yes,Yes,Yes,Yes
2021-03-20 04:12:39.836380,2021-03-20 04:17:41.547893,Actor 1,Event type 5,No,No,Yes,Yes,No
2021-03-20 04:20:18.922116,2021-03-20 04:22:56.296339,Actor 2,Event type 4,Yes,No,No,No,Yes
2021-03-20 04:25:33.379102,2021-03-20 04:28:10.461865,Actor 2,Event type 3,No,No,Yes,Yes,Yes
2021-03-20 04:32:58.384926,2021-03-20 04:37:46.307987,Actor 2,Event type 1,No,Yes,Yes,Yes,Yes
2021-03-20 04:41:51.767952,2021-03-20 04:45:57.227917,Actor 1,Event type 2,No,Yes,Yes,Yes,Yes
2021-03-20 04:50:54.349021,2021-03-20 04:55:51.470125,Actor 2,Event type 3,Yes,No,No,Yes,No
2021-03-20 04:58:12.539419,2021-03-20 05:00:33.608713,Actor 2,Event type 1,No,No,Yes,No,No
2021-03-20 05:05:21.755288,2021-03-20 05:10:09.901863,Actor 2,Event type 4,Yes,Yes,No,No,No
2021-03-20 05:15:30.672097,2021-03-20 05:20:51.442331,Actor 1,Event type 3,Yes,No,Yes,Yes,No
2021-03-20 05:24:13.236890,2021-03-20 05:27:35.031449,Actor 1,Event type 1,No,No,No,Yes,Yes
2021-03-20 05:28:20.177014,2021-03-20 05:29:05.322579,Actor 2,Event type 2,Yes,Yes,No,Yes,Yes
2021-03-20 05:31:50.287342,2021-03-20 05:34:35.252105,Actor 1,Event type 5,No,No,No,Yes,No
2021-03-20 05:35:39.486901,2021-03-20 05:36:43.721697,Actor 2,Event type 2,Yes,No,Yes,No,Yes
2021-03-20 05:37:41.179348,2021-03-20 05:38:38.636999,Actor 2,Event type 5,No,Yes,Yes,Yes,No
2021-03-20 05:44:04.515213,2021-03-20 05:49:30.393427,Actor 1,Event type 2,Yes,Yes,Yes,Yes,No
2021-03-20 05:51:36.561507,2021-03-20 05:53:42.729587,Actor 1,Event type 1,No,Yes,No,Yes,Yes
2021-03-20 05:53:51.573648,2021-03-20 05:54:00.417709,Actor 2,Event type 5,No,Yes,Yes,Yes,No
2021-03-20 05:57:16.894026,2021-03-20 06:00:33.370343,Actor 2,Event type 2,No,Yes,No,No,Yes
2021-03-20 06:06:30.826992,2021-03-20 06:12:28.283641,Actor 1,Event type 4,No,No,Yes,No,No
2021-03-20 06:16:00.869978,2021-03-20 06:19:33.456315,Actor 2,Event type 1,Yes,No,No,Yes,Yes
2021-03-20 06:21:51.211716,2021-03-20 06:24:08.967117,Actor 2,Event type 2,No,Yes,Yes,No,No
2021-03-20 06:29:28.708083,2021-03-20 06:34:48.449049,Actor 2,Event type 2,No,No,No,Yes,Yes
2021-03-20 06:39:40.104302,2021-03-20 06:44:31.759555,Actor 2,Event type 5,No,Yes,No,No,Yes
2021-03-20 06:47:20.891022,2021-03-20 06:50:10.022489,Actor 2,Event type 3,No,Yes,Yes,Yes,No
2021-03-20 06:54:10.952591,2021-03-20 06:58:11.882693,Actor 2,Event type 2,Yes,Yes,No,Yes,No
2021-03-20 07:00:14.779028,2021-03-20 07:02:17.675363,Actor 1,Event type 5,Yes,No,Yes,No,No
2021-03-20 07:03:17.743059,2021-03-20 07:04:17.810755,Actor 2,Event type 4,Yes,No,No,Yes,Yes
2021-03-20 07:06:05.458786,2021-03-20 07:07:53.106817,Actor 1,Event type 5,Yes,No,No,No,No
2021-03-20 07:08:38.670736,2021-03-20 07:09:24.234655,Actor 1,Event type 3,Yes,No,No,No,No
2021-03-20 07:13:06.133541,2021-03-20 07:16:48.032427,Actor 2,Event type 3,Yes,No,Yes,Yes,No
2021-03-20 07:19:31.527641,2021-03-20 07:22:15.022855,Actor 2,Event type 3,Yes,Yes,No,No,Yes
2021-03-20 07:23:29.790229,2021-03-20 07:24:44.557603,Actor 2,Event type 5,Yes,Yes,No,Yes,Yes
2021-03-20 07:27:03.790140,2021-03-20 07:29:23.022677,Actor 2,Event type 5,No,No,Yes,Yes,Yes
2021-03-20 07:31:14.942804,2021-03-20 07:33:06.862931,Actor 1,Event type 1,No,Yes,Yes,No,No
2021-03-20 07:35:52.845033,2021-03-20 07:38:38.827135,Actor 2,Event type 3,No,Yes,Yes,Yes,No
2021-03-20 07:40:53.724852,2021-03-20 07:43:08.622569,Actor 1,Event type 4,No,Yes,Yes,Yes,Yes
2021-03-20 07:44:07.282714,2021-03-20 07:45:05.942859,Actor 2,Event type 5,No,No,Yes,No,Yes
2021-03-20 07:51:02.198976,2021-03-20 07:56:58.455093,Actor 1,Event type 3,Yes,No,Yes,Yes,Yes
2021-03-20 07:57:11.767588,2021-03-20 07:57:25.080083,Actor 2,Event type 1,No,No,No,Yes,No
2021-03-20 07:58:39.033895,2021-03-20 07:59:52.987707,Actor 1,Event type 1,Yes,Yes,Yes,No,Yes
2021-03-20 08:03:01.773320,2021-03-20 08:06:10.558933,Actor 2,Event type 1,No,Yes,Yes,No,No
2021-03-20 08:06:47.197882,2021-03-20 08:07:23.836831,Actor 1,Event type 2,No,No,Yes,Yes,No
2021-03-20 08:09:45.046233,2021-03-20 08:12:06.255635,Actor 1,Event type 2,Yes,No,Yes,No,Yes
2021-03-20 08:14:11.095237,2021-03-20 08:16:15.934839,Actor 2,Event type 2,Yes,Yes,Yes,Yes,No
2021-03-20 08:20:38.670704,2021-03-20 08:25:01.406569,Actor 2,Event type 3,Yes,No,Yes,No,No
2021-03-20 08:29:07.472040,2021-03-20 08:33:13.537511,Actor 1,Event type 2,Yes,No,Yes,No,No
2021-03-20 08:34:25.551676,2021-03-20 08:35:37.565841,Actor 2,Event type 3,Yes,Yes,Yes,No,No
2021-03-20 08:37:34.846185,2021-03-20 08:39:32.126529,Actor 1,Event type 1,Yes,Yes,No,No,No
2021-03-20 08:42:08.682264,2021-03-20 08:44:45.237999,Actor 1,Event type 5,No,No,No,Yes,Yes
2021-03-20 08:48:40.441769,2021-03-20 08:52:35.645539,Actor 2,Event type 2,Yes,No,Yes,No,No
2021-03-20 08:58:19.105195,2021-03-20 09:04:02.564851,Actor 1,Event type 2,No,No,No,No,No
2021-03-20 09:04:11.810789,2021-03-20 09:04:21.056727,Actor 1,Event type 1,No,No,Yes,No,No
2021-03-20 09:04:28.141283,2021-03-20 09:04:35.225839,Actor 2,Event type 5,Yes,No,No,Yes,Yes
2021-03-20 09:05:15.181895,2021-03-20 09:05:55.137951,Actor 2,Event type 5,No,Yes,No,Yes,Yes
2021-03-20 09:07:41.269637,2021-03-20 09:09:27.401323,Actor 1,Event type 5,No,No,No,No,Yes
2021-03-20 09:11:04.559944,2021-03-20 09:12:41.718565,Actor 2,Event type 3,No,Yes,No,No,Yes
2021-03-20 09:17:34.638797,2021-03-20 09:22:27.559029,Actor 2,Event type 2,No,Yes,Yes,No,Yes
2021-03-20 09:24:40.683159,2021-03-20 09:26:53.807289,Actor 1,Event type 2,Yes,Yes,No,No,No
2021-03-20 09:28:55.252923,2021-03-20 09:30:56.698557,Actor 1,Event type 4,Yes,No,No,No,Yes
2021-03-20 09:32:54.008618,2021-03-20 09:34:51.318679,Actor 1,Event type 2,Yes,No,No,No,Yes
2021-03-20 09:40:06.472259,2021-03-20 09:45:21.625839,Actor 2,Event type 3,Yes,No,No,No,Yes
2021-03-20 09:46:34.429944,2021-03-20 09:47:47.234049,Actor 2,Event type 1,No,No,No,Yes,Yes
2021-03-20 09:50:32.309233,2021-03-20 09:53:17.384417,Actor 2,Event type 2,Yes,No,No,No,Yes
2021-03-20 09:55:46.529997,2021-03-20 09:58:15.675577,Actor 1,Event type 3,Yes,No,Yes,No,No
2021-03-20 10:01:01.150856,2021-03-20 10:03:46.626135,Actor 2,Event type 4,No,Yes,Yes,Yes,No
2021-03-20 10:05:07.189919,2021-03-20 10:06:27.753703,Actor 1,Event type 4,Yes,No,Yes,Yes,No
2021-03-20 10:08:18.853330,2021-03-20 10:10:09.952957,Actor 2,Event type 1,Yes,Yes,No,Yes,No
2021-03-20 10:15:12.003497,2021-03-20 10:20:14.054037,Actor 2,Event type 4,No,No,Yes,Yes,No
2021-03-20 10:25:20.237582,2021-03-20 10:30:26.421127,Actor 2,Event type 2,No,No,No,Yes,No
2021-03-20 10:31:12.844428,2021-03-20 10:31:59.267729,Actor 2,Event type 5,No,No,No,No,Yes
2021-03-20 10:37:09.341515,2021-03-20 10:42:19.415301,Actor 2,Event type 4,No,Yes,Yes,No,No
2021-03-20 10:47:11.565703,2021-03-20 10:52:03.716105,Actor 2,Event type 3,Yes,Yes,Yes,No,No
2021-03-20 10:55:31.274941,2021-03-20 10:58:58.833777,Actor 1,Event type 3,Yes,Yes,Yes,No,Yes
2021-03-20 11:00:29.720642,2021-03-20 11:02:00.607507,Actor 1,Event type 4,Yes,No,Yes,No,No
2021-03-20 11:05:01.926586,2021-03-20 11:08:03.245665,Actor 2,Event type 4,No,Yes,No,Yes,No
2021-03-20 11:10:31.220945,2021-03-20 11:12:59.196225,Actor 1,Event type 3,No,Yes,Yes,No,Yes
2021-03-20 11:17:35.354835,2021-03-20 11:22:11.513445,Actor 2,Event type 4,No,Yes,No,No,No
2021-03-20 11:27:04.615133,2021-03-20 11:31:57.716821,Actor 2,Event type 3,Yes,No,No,No,Yes
2021-03-20 11:33:51.245195,2021-03-20 11:35:44.773569,Actor 2,Event type 2,No,Yes,No,No,No
2021-03-20 11:37:03.562032,2021-03-20 11:38:22.350495,Actor 1,Event type 1,No,Yes,Yes,Yes,Yes
2021-03-20 11:43:22.309940,2021-03-20 11:48:22.269385,Actor 2,Event type 5,Yes,Yes,Yes,No,No
2021-03-20 11:52:23.199944,2021-03-20 11:56:24.130503,Actor 2,Event type 2,No,Yes,Yes,No,No
2021-03-20 11:59:46.120644,2021-03-20 12:03:08.110785,Actor 1,Event type 5,No,No,No,Yes,Yes
2021-03-20 12:05:27.878569,2021-03-20 12:07:47.646353,Actor 1,Event type 2,No,Yes,Yes,No,Yes
2021-03-20 12:08:32.273866,2021-03-20 12:09:16.901379,Actor 1,Event type 2,No,Yes,Yes,No,Yes
2021-03-20 12:13:17.511172,2021-03-20 12:17:18.120965,Actor 2,Event type 2,Yes,Yes,Yes,Yes,Yes
2021-03-20 12:21:35.034038,2021-03-20 12:25:51.947111,Actor 1,Event type 5,No,Yes,No,Yes,No
2021-03-20 12:30:24.407408,2021-03-20 12:34:56.867705,Actor 2,Event type 3,Yes,No,Yes,No,No
2021-03-20 12:35:40.815827,2021-03-20 12:36:24.763949,Actor 2,Event type 4,No,No,Yes,Yes,No
2021-03-20 12:36:54.562804,2021-03-20 12:37:24.361659,Actor 1,Event type 1,No,No,Yes,No,No
2021-03-20 12:38:44.495950,2021-03-20 12:40:04.630241,Actor 2,Event type 2,Yes,No,No,Yes,No
2021-03-20 12:44:19.858200,2021-03-20 12:48:35.086159,Actor 1,Event type 2,No,No,Yes,Yes,No
2021-03-20 12:49:20.286443,2021-03-20 12:50:05.486727,Actor 1,Event type 4,Yes,No,Yes,No,No
2021-03-20 12:52:15.008304,2021-03-20 12:54:24.529881,Actor 2,Event type 3,Yes,No,No,No,Yes
2021-03-20 12:56:08.976091,2021-03-20 12:57:53.422301,Actor 2,Event type 1,No,Yes,No,Yes,Yes
2021-03-20 12:59:49.720632,2021-03-20 13:01:46.018963,Actor 1,Event type 2,No,No,Yes,No,No
2021-03-20 13:03:19.297662,2021-03-20 13:04:52.576361,Actor 1,Event type 3,Yes,No,No,No,No
2021-03-20 13:05:45.603234,2021-03-20 13:06:38.630107,Actor 2,Event type 5,No,Yes,No,No,Yes
2021-03-20 13:11:31.208326,2021-03-20 13:16:23.786545,Actor 2,Event type 1,Yes,Yes,Yes,Yes,No
2021-03-20 13:19:56.513325,2021-03-20 13:23:29.240105,Actor 2,Event type 1,No,No,Yes,Yes,Yes
2021-03-20 13:24:43.039276,2021-03-20 13:25:56.838447,Actor 1,Event type 2,No,Yes,No,Yes,No
2021-03-20 13:29:03.238208,2021-03-20 13:32:09.637969,Actor 1,Event type 3,Yes,No,No,No,No
2021-03-20 13:34:09.636439,2021-03-20 13:36:09.634909,Actor 1,Event type 4,Yes,Yes,No,Yes,No
2021-03-20 13:40:12.594169,2021-03-20 13:44:15.553429,Actor 2,Event type 1,No,No,Yes,Yes,Yes
2021-03-20 13:45:48.623804,2021-03-20 13:47:21.694179,Actor 1,Event type 2,Yes,Yes,Yes,Yes,Yes
2021-03-20 13:49:45.755673,2021-03-20 13:52:09.817167,Actor 2,Event type 1,No,No,Yes,No,No
2021-03-20 13:57:26.298705,2021-03-20 14:02:42.780243,Actor 1,Event type 3,Yes,Yes,No,No,No
2021-03-20 14:06:25.213699,2021-03-20 14:10:07.647155,Actor 2,Event type 5,Yes,Yes,Yes,No,No
2021-03-20 14:12:13.282642,2021-03-20 14:14:18.918129,Actor 1,Event type 1,Yes,No,No,No,Yes
2021-03-20 14:18:36.566552,2021-03-20 14:22:54.214975,Actor 2,Event type 3,Yes,No,Yes,No,Yes
2021-03-20 14:28:42.462391,2021-03-20 14:34:30.709807,Actor 2,Event type 2,No,Yes,No,No,No
2021-03-20 14:34:33.729654,2021-03-20 14:34:36.749501,Actor 1,Event type 5,No,Yes,No,Yes,Yes
2021-03-20 14:35:19.300208,2021-03-20 14:36:01.850915,Actor 1,Event type 1,No,Yes,Yes,Yes,Yes
2021-03-20 14:36:01.939231,2021-03-20 14:36:02.027547,Actor 1,Event type 3,Yes,Yes,Yes,No,No
2021-03-20 14:38:29.323480,2021-03-20 14:40:56.619413,Actor 1,Event type 1,No,No,Yes,Yes,No
2021-03-20 14:41:04.617583,2021-03-20 14:41:12.615753,Actor 1,Event type 4,No,Yes,No,Yes,No
2021-03-20 14:44:36.635477,2021-03-20 14:48:00.655201,Actor 1,Event type 5,Yes,No,No,No,No
2021-03-20 14:49:41.581293,2021-03-20 14:51:22.507385,Actor 1,Event type 3,Yes,Yes,No,Yes,No
2021-03-20 14:53:29.029704,2021-03-20 14:55:35.552023,Actor 1,Event type 3,No,No,No,No,No
2021-03-20 14:56:07.507788,2021-03-20 14:56:39.463553,Actor 1,Event type 3,No,Yes,No,No,Yes
2021-03-20 15:01:09.401165,2021-03-20 15:05:39.338777,Actor 1,Event type 3,No,Yes,Yes,Yes,No
2021-03-20 15:06:49.554165,2021-03-20 15:07:59.769553,Actor 2,Event type 1,No,Yes,No,Yes,Yes
2021-03-20 15:08:43.098672,2021-03-20 15:09:26.427791,Actor 1,Event type 3,No,Yes,No,Yes,Yes
2021-03-20 15:12:31.726754,2021-03-20 15:15:37.025717,Actor 2,Event type 3,No,Yes,Yes,Yes,No
2021-03-20 15:18:06.712889,2021-03-20 15:20:36.400061,Actor 1,Event type 1,No,No,Yes,Yes,Yes
2021-03-20 15:23:46.457103,2021-03-20 15:26:56.514145,Actor 1,Event type 2,No,Yes,Yes,No,Yes
2021-03-20 15:30:58.972223,2021-03-20 15:35:01.430301,Actor 2,Event type 3,Yes,No,Yes,Yes,Yes
2021-03-20 15:40:04.422290,2021-03-20 15:45:07.414279,Actor 1,Event type 1,No,Yes,No,Yes,No
2021-03-20 15:51:06.999767,2021-03-20 15:57:06.585255,Actor 1,Event type 3,No,Yes,Yes,No,Yes
2021-03-20 16:01:02.667223,2021-03-20 16:04:58.749191,Actor 2,Event type 3,No,Yes,No,Yes,Yes
2021-03-20 16:09:09.539423,2021-03-20 16:13:20.329655,Actor 1,Event type 4,Yes,Yes,No,No,No
2021-03-20 16:18:20.212961,2021-03-20 16:23:20.096267,Actor 1,Event type 5,Yes,Yes,Yes,Yes,No
2021-03-20 16:26:59.666446,2021-03-20 16:30:39.236625,Actor 2,Event type 4,Yes,No,Yes,Yes,Yes
2021-03-20 16:31:52.535813,2021-03-20 16:33:05.835001,Actor 1,Event type 1,Yes,Yes,No,Yes,No
2021-03-20 16:35:59.734786,2021-03-20 16:38:53.634571,Actor 2,Event type 1,Yes,Yes,No,No,Yes
2021-03-20 16:43:13.188817,2021-03-20 16:47:32.743063,Actor 1,Event type 2,Yes,Yes,No,No,No
2021-03-20 16:51:32.789981,2021-03-20 16:55:32.836899,Actor 2,Event type 3,Yes,Yes,Yes,No,Yes
2021-03-20 17:00:12.486556,2021-03-20 17:04:52.136213,Actor 1,Event type 1,No,Yes,No,Yes,Yes
2021-03-20 17:05:57.501424,2021-03-20 17:07:02.866635,Actor 2,Event type 2,Yes,Yes,Yes,Yes,Yes
2021-03-20 17:11:34.059899,2021-03-20 17:16:05.253163,Actor 2,Event type 4,No,Yes,No,Yes,Yes
2021-03-20 17:20:54.455097,2021-03-20 17:25:43.657031,Actor 1,Event type 3,No,No,Yes,Yes,No
2021-03-20 17:27:38.574444,2021-03-20 17:29:33.491857,Actor 2,Event type 3,No,Yes,No,No,No
2021-03-20 17:32:04.807319,2021-03-20 17:34:36.122781,Actor 2,Event type 4,No,Yes,Yes,Yes,Yes
2021-03-20 17:37:40.123604,2021-03-20 17:40:44.124427,Actor 2,Event type 3,Yes,Yes,No,No,No
2021-03-20 17:46:02.707493,2021-03-20 17:51:21.290559,Actor 2,Event type 3,Yes,No,Yes,Yes,Yes
2021-03-20 17:54:07.252147,2021-03-20 17:56:53.213735,Actor 1,Event type 4,No,No,Yes,Yes,No
2021-03-20 17:57:53.833770,2021-03-20 17:58:54.453805,Actor 2,Event type 2,No,No,No,Yes,Yes
2021-03-20 18:00:38.851855,2021-03-20 18:02:23.249905,Actor 1,Event type 3,Yes,No,Yes,No,Yes
2021-03-20 18:07:05.630914,2021-03-20 18:11:48.011923,Actor 1,Event type 4,No,Yes,Yes,Yes,Yes
2021-03-20 18:14:11.428978,2021-03-20 18:16:34.846033,Actor 2,Event type 3,Yes,Yes,No,Yes,Yes
2021-03-20 18:19:05.682137,2021-03-20 18:21:36.518241,Actor 1,Event type 3,No,Yes,Yes,Yes,Yes
2021-03-20 18:26:00.833122,2021-03-20 18:30:25.148003,Actor 1,Event type 4,Yes,No,Yes,No,Yes
2021-03-20 18:34:29.807779,2021-03-20 18:38:34.467555,Actor 2,Event type 2,No,No,No,No,Yes
2021-03-20 18:42:59.418892,2021-03-20 18:47:24.370229,Actor 1,Event type 4,No,Yes,No,No,Yes
2021-03-20 18:52:55.154815,2021-03-20 18:58:25.939401,Actor 2,Event type 3,No,Yes,No,Yes,No
2021-03-20 19:03:35.457795,2021-03-20 19:08:44.976189,Actor 2,Event type 3,Yes,Yes,Yes,No,No
2021-03-20 19:13:50.348897,2021-03-20 19:18:55.721605,Actor 2,Event type 5,Yes,No,Yes,No,Yes
2021-03-20 19:23:36.600578,2021-03-20 19:28:17.479551,Actor 2,Event type 2,No,No,Yes,Yes,No
2021-03-20 19:28:55.558880,2021-03-20 19:29:33.638209,Actor 2,Event type 3,Yes,No,No,Yes,No
2021-03-20 19:35:29.631041,2021-03-20 19:41:25.623873,Actor 2,Event type 4,Yes,No,No,Yes,No
2021-03-20 19:44:32.833023,2021-03-20 19:47:40.042173,Actor 2,Event type 3,No,Yes,No,Yes,No
2021-03-20 19:53:33.303898,2021-03-20 19:59:26.565623,Actor 1,Event type 2,Yes,No,Yes,Yes,Yes
2021-03-20 20:00:09.622281,2021-03-20 20:00:52.678939,Actor 2,Event type 2,No,No,No,Yes,No
2021-03-20 20:01:09.995024,2021-03-20 20:01:27.311109,Actor 1,Event type 3,Yes,Yes,No,Yes,Yes
2021-03-20 20:04:32.562995,2021-03-20 20:07:37.814881,Actor 2,Event type 2,No,Yes,No,No,No
2021-03-20 20:13:32.259022,2021-03-20 20:19:26.703163,Actor 2,Event type 4,No,Yes,Yes,No,Yes
2021-03-20 20:23:10.775383,2021-03-20 20:26:54.847603,Actor 2,Event type 2,No,No,No,No,No
2021-03-20 20:27:55.687282,2021-03-20 20:28:56.526961,Actor 2,Event type 2,Yes,Yes,Yes,Yes,Yes
2021-03-20 20:29:26.564265,2021-03-20 20:29:56.601569,Actor 1,Event type 1,No,No,Yes,No,No
2021-03-20 20:32:29.757873,2021-03-20 20:35:02.914177,Actor 2,Event type 5,Yes,Yes,No,No,Yes
2021-03-20 20:35:20.011256,2021-03-20 20:35:37.108335,Actor 2,Event type 3,No,Yes,Yes,Yes,No
2021-03-20 20:36:12.099801,2021-03-20 20:36:47.091267,Actor 2,Event type 3,Yes,Yes,No,No,Yes
2021-03-20 20:40:00.486251,2021-03-20 20:43:13.881235,Actor 2,Event type 1,Yes,No,Yes,Yes,No
2021-03-20 20:45:27.505244,2021-03-20 20:47:41.129253,Actor 2,Event type 2,Yes,Yes,No,No,Yes
2021-03-20 20:48:57.434320,2021-03-20 20:50:13.739387,Actor 1,Event type 2,Yes,No,Yes,Yes,Yes
2021-03-20 20:55:52.413292,2021-03-20 21:01:31.087197,Actor 2,Event type 3,Yes,No,No,No,Yes
2021-03-20 21:06:09.972681,2021-03-20 21:10:48.858165,Actor 2,Event type 5,Yes,Yes,Yes,No,No
2021-03-20 21:15:41.197685,2021-03-20 21:20:33.537205,Actor 2,Event type 2,Yes,No,No,Yes,No
2021-03-20 21:26:14.082400,2021-03-20 21:31:54.627595,Actor 2,Event type 2,Yes,No,No,No,Yes
2021-03-20 21:33:27.094850,2021-03-20 21:34:59.562105,Actor 2,Event type 5,No,No,Yes,No,Yes
2021-03-20 21:40:54.968032,2021-03-20 21:46:50.373959,Actor 2,Event type 3,No,Yes,Yes,Yes,Yes
2021-03-20 21:47:25.984864,2021-03-20 21:48:01.595769,Actor 2,Event type 1,No,Yes,Yes,Yes,No
2021-03-20 21:49:11.747869,2021-03-20 21:50:21.899969,Actor 1,Event type 4,Yes,No,No,Yes,Yes
2021-03-20 21:55:37.133331,2021-03-20 22:00:52.366693,Actor 2,Event type 2,Yes,No,No,Yes,No
2021-03-20 22:01:10.853455,2021-03-20 22:01:29.340217,Actor 2,Event type 3,No,No,Yes,No,No
2021-03-20 22:02:20.873443,2021-03-20 22:03:12.406669,Actor 2,Event type 2,No,Yes,No,No,No
2021-03-20 22:05:03.999234,2021-03-20 22:06:55.591799,Actor 1,Event type 2,No,No,Yes,No,No
2021-03-20 22:08:14.826772,2021-03-20 22:09:34.061745,Actor 1,Event type 1,Yes,Yes,No,Yes,No
2021-03-20 22:14:19.820964,2021-03-20 22:19:05.580183,Actor 1,Event type 2,Yes,No,Yes,No,Yes
2021-03-20 22:22:30.257328,2021-03-20 22:25:54.934473,Actor 2,Event type 3,No,No,No,Yes,Yes
2021-03-20 22:26:39.793747,2021-03-20 22:27:24.653021,Actor 2,Event type 3,Yes,No,Yes,No,Yes
2021-03-20 22:30:42.114027,2021-03-20 22:33:59.575033,Actor 2,Event type 5,No,Yes,No,Yes,Yes
2021-03-20 22:35:21.946146,2021-03-20 22:36:44.317259,Actor 1,Event type 3,No,Yes,No,No,Yes
2021-03-20 22:38:40.960197,2021-03-20 22:40:37.603135,Actor 2,Event type 2,Yes,Yes,No,Yes,No
2021-03-20 22:43:09.457135,2021-03-20 22:45:41.311135,Actor 2,Event type 1,No,Yes,No,No,No
2021-03-20 22:47:24.510641,2021-03-20 22:49:07.710147,Actor 2,Event type 1,No,No,Yes,Yes,No
2021-03-20 22:51:10.474716,2021-03-20 22:53:13.239285,Actor 2,Event type 2,Yes,Yes,Yes,Yes,Yes
2021-03-20 22:56:14.836605,2021-03-20 22:59:16.433925,Actor 2,Event type 1,No,Yes,Yes,No,No
2021-03-20 22:59:32.397073,2021-03-20 22:59:48.360221,Actor 2,Event type 2,Yes,Yes,Yes,No,Yes
2021-03-20 23:02:43.769974,2021-03-20 23:05:39.179727,Actor 2,Event type 5,Yes,Yes,No,No,No
2021-03-20 23:08:12.429797,2021-03-20 23:10:45.679867,Actor 2,Event type 2,No,No,Yes,Yes,No
2021-03-20 23:15:52.187005,2021-03-20 23:20:58.694143,Actor 1,Event type 3,No,No,No,No,No
2021-03-20 23:26:57.424798,2021-03-20 23:32:56.155453,Actor 1,Event type 1,No,No,No,Yes,No
2021-03-20 23:35:09.772374,2021-03-20 23:37:23.389295,Actor 2,Event type 2,Yes,No,No,Yes,Yes
2021-03-20 23:39:37.795441,2021-03-20 23:41:52.201587,Actor 2,Event type 4,Yes,No,No,Yes,Yes
2021-03-20 23:46:53.797811,2021-03-20 23:51:55.394035,Actor 2,Event type 4,Yes,Yes,Yes,No,No
2021-03-20 23:53:14.949788,2021-03-20 23:54:34.505541,Actor 1,Event type 1,No,Yes,Yes,No,No
2021-03-21 00:00:09.899933,2021-03-21 00:05:45.294325,Actor 1,Event type 2,Yes,Yes,No,Yes,Yes
2021-03-21 00:11:09.650740,2021-03-21 00:16:34.007155,Actor 2,Event type 5,No,Yes,No,No,Yes
2021-03-21 00:17:35.004266,2021-03-21 00:18:36.001377,Actor 1,Event type 4,No,Yes,No,Yes,No
2021-03-21 00:20:07.465125,2021-03-21 00:21:38.928873,Actor 2,Event type 4,Yes,No,No,No,No
2021-03-21 00:26:02.507318,2021-03-21 00:30:26.085763,Actor 2,Event type 2,Yes,Yes,No,No,No
2021-03-21 00:31:45.041314,2021-03-21 00:33:03.996865,Actor 1,Event type 2,No,Yes,Yes,No,Yes
2021-03-21 00:35:07.901133,2021-03-21 00:37:11.805401,Actor 1,Event type 1,No,No,Yes,Yes,No
2021-03-21 00:42:05.869719,2021-03-21 00:46:59.934037,Actor 2,Event type 3,No,Yes,Yes,No,No
2021-03-21 00:47:22.247851,2021-03-21 00:47:44.561665,Actor 1,Event type 5,Yes,No,No,Yes,No
2021-03-21 00:48:27.396675,2021-03-21 00:49:10.231685,Actor 2,Event type 3,Yes,Yes,No,Yes,No
2021-03-21 00:50:08.066996,2021-03-21 00:51:05.902307,Actor 1,Event type 4,No,No,No,Yes,No
2021-03-21 00:56:13.958537,2021-03-21 01:01:22.014767,Actor 1,Event type 1,Yes,No,No,Yes,Yes
2021-03-21 01:07:02.081417,2021-03-21 01:12:42.148067,Actor 2,Event type 1,No,No,No,No,No
2021-03-21 01:17:12.565846,2021-03-21 01:21:42.983625,Actor 2,Event type 2,Yes,Yes,Yes,Yes,Yes
2021-03-21 01:22:46.427578,2021-03-21 01:23:49.871531,Actor 1,Event type 3,Yes,Yes,Yes,No,No
2021-03-21 01:25:54.599302,2021-03-21 01:27:59.327073,Actor 2,Event type 3,No,Yes,No,Yes,No
2021-03-21 01:29:55.228873,2021-03-21 01:31:51.130673,Actor 1,Event type 1,Yes,No,No,Yes,No
2021-03-21 01:33:01.378691,2021-03-21 01:34:11.626709,Actor 2,Event type 5,Yes,No,Yes,No,Yes
2021-03-21 01:34:23.463058,2021-03-21 01:34:35.299407,Actor 2,Event type 1,No,No,Yes,Yes,No
2021-03-21 01:35:35.726685,2021-03-21 01:36:36.153963,Actor 1,Event type 5,Yes,No,Yes,No,No
2021-03-21 01:39:12.613066,2021-03-21 01:41:49.072169,Actor 2,Event type 3,Yes,No,No,Yes,No
2021-03-21 01:45:10.956798,2021-03-21 01:48:32.841427,Actor 1,Event type 5,No,No,No,Yes,Yes
2021-03-21 01:49:24.774689,2021-03-21 01:50:16.707951,Actor 2,Event type 3,Yes,No,Yes,Yes,No
2021-03-21 01:50:40.032607,2021-03-21 01:51:03.357263,Actor 2,Event type 4,No,Yes,Yes,Yes,No
2021-03-21 01:56:33.568993,2021-03-21 02:02:03.780723,Actor 1,Event type 2,No,Yes,No,Yes,Yes
2021-03-21 02:04:36.904512,2021-03-21 02:07:10.028301,Actor 2,Event type 2,Yes,Yes,No,Yes,No
2021-03-21 02:12:24.977567,2021-03-21 02:17:39.926833,Actor 2,Event type 2,Yes,Yes,No,Yes,Yes
2021-03-21 02:18:30.287141,2021-03-21 02:19:20.647449,Actor 1,Event type 5,Yes,Yes,No,Yes,Yes
2021-03-21 02:22:51.178936,2021-03-21 02:26:21.710423,Actor 1,Event type 4,Yes,Yes,No,No,Yes
2021-03-21 02:31:30.172140,2021-03-21 02:36:38.633857,Actor 2,Event type 3,No,Yes,No,Yes,No
2021-03-21 02:39:13.680954,2021-03-21 02:41:48.728051,Actor 2,Event type 2,No,No,No,Yes,No
2021-03-21 02:41:57.646034,2021-03-21 02:42:06.564017,Actor 1,Event type 1,No,Yes,No,No,No
2021-03-21 02:43:08.763391,2021-03-21 02:44:10.962765,Actor 1,Event type 1,No,No,No,Yes,No
2021-03-21 02:44:15.812846,2021-03-21 02:44:20.662927,Actor 2,Event type 4,No,Yes,No,No,Yes
2021-03-21 02:48:32.622787,2021-03-21 02:52:44.582647,Actor 2,Event type 4,Yes,Yes,Yes,Yes,Yes
2021-03-21 02:58:17.433037,2021-03-21 03:03:50.283427,Actor 1,Event type 2,No,Yes,Yes,No,Yes
2021-03-21 03:06:47.957224,2021-03-21 03:09:45.631021,Actor 2,Event type 3,No,Yes,Yes,Yes,No
2021-03-21 03:12:37.810345,2021-03-21 03:15:29.989669,Actor 1,Event type 4,Yes,No,Yes,Yes,No
2021-03-21 03:18:57.417867,2021-03-21 03:22:24.846065,Actor 2,Event type 5,No,Yes,Yes,No,No
2021-03-21 03:24:25.420262,2021-03-21 03:26:25.994459,Actor 2,Event type 4,Yes,Yes,Yes,No,Yes
2021-03-21 03:30:15.253712,2021-03-21 03:34:04.512965,Actor 1,Event type 1,Yes,Yes,No,Yes,Yes
2021-03-21 03:38:08.091817,2021-03-21 03:42:11.670669,Actor 2,Event type 2,Yes,No,Yes,Yes,No
2021-03-21 03:44:47.367712,2021-03-21 03:47:23.064755,Actor 1,Event type 4,Yes,Yes,Yes,No,Yes
2021-03-21 03:51:41.193113,2021-03-21 03:55:59.321471,Actor 2,Event type 1,No,Yes,No,No,No
2021-03-21 03:57:35.750355,2021-03-21 03:59:12.179239,Actor 2,Event type 5,No,No,Yes,No,Yes
2021-03-21 04:01:58.590935,2021-03-21 04:04:45.002631,Actor 1,Event type 1,No,No,Yes,No,Yes
2021-03-21 04:05:28.147106,2021-03-21 04:06:11.291581,Actor 1,Event type 4,Yes,Yes,No,No,No
2021-03-21 04:07:09.023105,2021-03-21 04:08:06.754629,Actor 2,Event type 4,No,Yes,Yes,Yes,No
2021-03-21 04:11:02.680925,2021-03-21 04:13:58.607221,Actor 2,Event type 3,No,No,No,Yes,Yes
2021-03-21 04:15:58.165542,2021-03-21 04:17:57.723863,Actor 1,Event type 5,No,Yes,Yes,Yes,No
2021-03-21 04:22:22.693428,2021-03-21 04:26:47.662993,Actor 2,Event type 3,No,No,No,No,No
2021-03-21 04:32:41.588824,2021-03-21 04:38:35.514655,Actor 2,Event type 1,No,No,No,Yes,Yes
2021-03-21 04:42:14.556991,2021-03-21 04:45:53.599327,Actor 2,Event type 3,No,Yes,Yes,Yes,No
2021-03-21 04:49:47.815912,2021-03-21 04:53:42.032497,Actor 2,Event type 2,No,Yes,Yes,No,No
2021-03-21 04:55:09.952563,2021-03-21 04:56:37.872629,Actor 2,Event type 4,Yes,No,Yes,Yes,Yes
2021-03-21 04:59:00.219347,2021-03-21 05:01:22.566065,Actor 2,Event type 2,No,No,No,Yes,Yes
2021-03-21 05:05:13.118077,2021-03-21 05:09:03.670089,Actor 2,Event type 1,No,No,No,No,Yes
2021-03-21 05:12:37.921714,2021-03-21 05:16:12.173339,Actor 2,Event type 5,Yes,Yes,Yes,No,Yes
2021-03-21 05:19:56.034536,2021-03-21 05:23:39.895733,Actor 1,Event type 4,No,Yes,Yes,Yes,No
2021-03-21 05:29:22.399572,2021-03-21 05:35:04.903411,Actor 2,Event type 2,No,Yes,Yes,Yes,No
2021-03-21 05:38:45.952630,2021-03-21 05:42:27.001849,Actor 1,Event type 2,No,Yes,No,Yes,No
2021-03-21 05:47:08.230818,2021-03-21 05:51:49.459787,Actor 1,Event type 3,No,Yes,Yes,Yes,No
2021-03-21 05:53:52.376515,2021-03-21 05:55:55.293243,Actor 1,Event type 4,Yes,Yes,Yes,No,No
2021-03-21 05:59:43.106455,2021-03-21 06:03:30.919667,Actor 1,Event type 5,No,No,No,No,No
2021-03-21 06:04:44.817021,2021-03-21 06:05:58.714375,Actor 2,Event type 1,Yes,Yes,Yes,Yes,Yes
2021-03-21 06:11:19.206672,2021-03-21 06:16:39.698969,Actor 2,Event type 4,Yes,Yes,Yes,No,No
2021-03-21 06:17:25.258149,2021-03-21 06:18:10.817329,Actor 2,Event type 3,Yes,Yes,No,No,No
2021-03-21 06:22:51.635327,2021-03-21 06:27:32.453325,Actor 2,Event type 3,No,No,No,No,No
2021-03-21 06:31:18.439805,2021-03-21 06:35:04.426285,Actor 2,Event type 5,Yes,Yes,Yes,No,Yes
2021-03-21 06:40:42.627240,2021-03-21 06:46:20.828195,Actor 2,Event type 3,No,Yes,No,No,No
2021-03-21 06:48:46.312221,2021-03-21 06:51:11.796247,Actor 1,Event type 5,Yes,Yes,Yes,No,Yes
2021-03-21 06:55:06.815410,2021-03-21 06:59:01.834573,Actor 1,Event type 1,Yes,No,No,No,Yes
2021-03-21 07:03:10.390058,2021-03-21 07:07:18.945543,Actor 1,Event type 2,No,Yes,Yes,Yes,No
2021-03-21 07:07:35.481308,2021-03-21 07:07:52.017073,Actor 2,Event type 1,Yes,No,Yes,No,Yes
2021-03-21 07:10:47.039913,2021-03-21 07:13:42.062753,Actor 1,Event type 4,Yes,No,No,Yes,Yes
2021-03-21 07:16:33.496164,2021-03-21 07:19:24.929575,Actor 2,Event type 2,Yes,No,No,No,Yes
2021-03-21 07:24:46.649237,2021-03-21 07:30:08.368899,Actor 2,Event type 3,Yes,Yes,No,No,Yes
2021-03-21 07:34:36.303807,2021-03-21 07:39:04.238715,Actor 1,Event type 1,No,No,Yes,No,Yes
2021-03-21 07:44:57.244494,2021-03-21 07:50:50.250273,Actor 1,Event type 1,Yes,Yes,Yes,Yes,Yes
2021-03-21 07:53:26.677719,2021-03-21 07:56:03.105165,Actor 2,Event type 3,Yes,Yes,No,Yes,No
2021-03-21 07:56:47.786755,2021-03-21 07:57:32.468345,Actor 1,Event type 4,No,No,Yes,No,Yes
2021-03-21 07:57:38.665390,2021-03-21 07:57:44.862435,Actor 2,Event type 3,Yes,No,No,Yes,Yes
2021-03-21 07:59:42.527688,2021-03-21 08:01:40.192941,Actor 2,Event type 3,No,Yes,No,Yes,No
2021-03-21 08:05:04.516649,2021-03-21 08:08:28.840357,Actor 2,Event type 5,No,No,Yes,No,Yes
2021-03-21 08:08:59.335322,2021-03-21 08:09:29.830287,Actor 1,Event type 3,Yes,No,Yes,No,No
2021-03-21 08:10:59.933093,2021-03-21 08:12:30.035899,Actor 2,Event type 4,No,No,No,Yes,No
2021-03-21 08:15:27.280019,2021-03-21 08:18:24.524139,Actor 2,Event type 2,No,No,No,Yes,No
2021-03-21 08:21:52.013572,2021-03-21 08:25:19.503005,Actor 2,Event type 2,No,Yes,No,No,Yes
2021-03-21 08:27:59.209800,2021-03-21 08:30:38.916595,Actor 2,Event type 2,No,Yes,No,Yes,Yes
2021-03-21 08:34:13.916548,2021-03-21 08:37:48.916501,Actor 1,Event type 1,Yes,Yes,No,Yes,Yes
2021-03-21 08:39:51.393079,2021-03-21 08:41:53.869657,Actor 2,Event type 1,Yes,Yes,Yes,No,Yes
2021-03-21 08:43:31.287559,2021-03-21 08:45:08.705461,Actor 2,Event type 3,Yes,Yes,No,No,Yes
2021-03-21 08:45:48.033716,2021-03-21 08:46:27.361971,Actor 2,Event type 1,Yes,No,Yes,Yes,Yes
2021-03-21 08:46:29.524321,2021-03-21 08:46:31.686671,Actor 2,Event type 2,Yes,Yes,No,No,Yes
2021-03-21 08:49:59.310656,2021-03-21 08:53:26.934641,Actor 1,Event type 5,Yes,Yes,No,No,Yes
2021-03-21 08:58:45.385526,2021-03-21 09:04:03.836411,Actor 1,Event type 1,No,No,Yes,No,No
2021-03-21 09:04:24.611442,2021-03-21 09:04:45.386473,Actor 2,Event type 1,No,No,Yes,No,Yes
2021-03-21 09:08:55.917807,2021-03-21 09:13:06.449141,Actor 1,Event type 2,Yes,Yes,No,No,Yes
2021-03-21 09:16:13.266804,2021-03-21 09:19:20.084467,Actor 1,Event type 3,Yes,No,Yes,No,Yes
2021-03-21 09:24:33.010915,2021-03-21 09:29:45.937363,Actor 2,Event type 4,Yes,Yes,No,Yes,No
2021-03-21 09:30:43.618346,2021-03-21 09:31:41.299329,Actor 1,Event type 4,Yes,No,Yes,Yes,No
2021-03-21 09:36:41.818822,2021-03-21 09:41:42.338315,Actor 2,Event type 4,Yes,Yes,No,No,No
2021-03-21 09:46:34.979886,2021-03-21 09:51:27.621457,Actor 1,Event type 1,Yes,Yes,No,Yes,No
2021-03-21 09:57:03.305005,2021-03-21 10:02:38.988553,Actor 1,Event type 5,Yes,No,No,No,Yes
2021-03-21 10:08:13.744178,2021-03-21 10:13:48.499803,Actor 2,Event type 2,No,Yes,No,Yes,No
2021-03-21 10:14:58.492166,2021-03-21 10:16:08.484529,Actor 2,Event type 5,Yes,No,No,Yes,No
2021-03-21 10:21:03.174695,2021-03-21 10:25:57.864861,Actor 2,Event type 1,No,Yes,Yes,No,Yes
2021-03-21 10:30:35.433419,2021-03-21 10:35:13.001977,Actor 2,Event type 4,No,No,Yes,No,Yes
2021-03-21 10:38:50.729870,2021-03-21 10:42:28.457763,Actor 2,Event type 2,Yes,Yes,Yes,No,No
2021-03-21 10:47:03.417044,2021-03-21 10:51:38.376325,Actor 2,Event type 1,No,Yes,No,Yes,No
2021-03-21 10:51:44.979415,2021-03-21 10:51:51.582505,Actor 2,Event type 3,No,Yes,Yes,Yes,Yes
2021-03-21 10:57:49.209265,2021-03-21 11:03:46.836025,Actor 1,Event type 1,No,No,Yes,Yes,No
2021-03-21 11:07:20.177607,2021-03-21 11:10:53.519189,Actor 2,Event type 2,Yes,Yes,No,No,No
2021-03-21 11:11:11.712376,2021-03-21 11:11:29.905563,Actor 2,Event type 1,No,No,No,No,No
2021-03-21 11:14:48.910078,2021-03-21 11:18:07.914593,Actor 2,Event type 3,Yes,No,Yes,No,No
2021-03-21 11:23:15.183049,2021-03-21 11:28:22.451505,Actor 1,Event type 2,No,No,No,Yes,No
2021-03-21 11:30:51.486720,2021-03-21 11:33:20.521935,Actor 1,Event type 4,No,Yes,Yes,Yes,Yes
2021-03-21 11:33:40.178938,2021-03-21 11:33:59.835941,Actor 1,Event type 2,No,No,Yes,No,No
2021-03-21 11:39:28.700261,2021-03-21 11:44:57.564581,Actor 2,Event type 4,Yes,Yes,Yes,No,Yes
2021-03-21 11:45:50.947077,2021-03-21 11:46:44.329573,Actor 2,Event type 4,Yes,Yes,Yes,Yes,No
2021-03-21 11:47:13.835777,2021-03-21 11:47:43.341981,Actor 2,Event type 4,No,No,No,Yes,Yes
2021-03-21 11:51:09.189296,2021-03-21 11:54:35.036611,Actor 2,Event type 3,No,Yes,Yes,No,Yes
2021-03-21 12:00:13.650928,2021-03-21 12:05:52.265245,Actor 2,Event type 1,Yes,Yes,Yes,No,No
2021-03-21 12:08:57.166267,2021-03-21 12:12:02.067289,Actor 2,Event type 3,No,Yes,No,No,Yes
2021-03-21 12:15:09.009360,2021-03-21 12:18:15.951431,Actor 1,Event type 4,No,Yes,No,Yes,Yes
2021-03-21 12:22:55.474133,2021-03-21 12:27:34.996835,Actor 2,Event type 5,Yes,No,No,Yes,No
2021-03-21 12:33:34.448018,2021-03-21 12:39:33.899201,Actor 2,Event type 2,Yes,No,Yes,Yes,No
2021-03-21 12:44:29.526815,2021-03-21 12:49:25.154429,Actor 1,Event type 4,Yes,No,No,Yes,No
2021-03-21 12:55:26.023321,2021-03-21 13:01:26.892213,Actor 2,Event type 1,No,Yes,No,No,No
2021-03-21 13:06:25.967489,2021-03-21 13:11:25.042765,Actor 1,Event type 5,Yes,Yes,No,Yes,No
2021-03-21 13:13:38.898856,2021-03-21 13:15:52.754947,Actor 1,Event type 3,No,Yes,No,No,No
2021-03-21 13:17:37.318112,2021-03-21 13:19:21.881277,Actor 2,Event type 2,Yes,Yes,Yes,Yes,No
2021-03-21 13:24:22.642325,2021-03-21 13:29:23.403373,Actor 2,Event type 4,Yes,No,Yes,Yes,No
2021-03-21 13:31:26.242176,2021-03-21 13:33:29.080979,Actor 1,Event type 2,No,No,Yes,No,Yes
2021-03-21 13:36:40.726866,2021-03-21 13:39:52.372753,Actor 2,Event type 2,Yes,Yes,No,Yes,Yes
2021-03-21 13:44:58.345648,2021-03-21 13:50:04.318543,Actor 1,Event type 4,No,No,No,No,No
2021-03-21 13:50:56.306827,2021-03-21 13:51:48.295111,Actor 1,Event type 4,No,No,No,Yes,No
2021-03-21 13:53:35.044454,2021-03-21 13:55:21.793797,Actor 1,Event type 3,Yes,Yes,Yes,Yes,Yes
2021-03-21 13:59:32.701204,2021-03-21 14:03:43.608611,Actor 2,Event type 4,No,Yes,No,Yes,No
2021-03-21 14:04:04.704213,2021-03-21 14:04:25.799815,Actor 2,Event type 2,Yes,No,Yes,No,Yes
2021-03-21 14:09:43.404327,2021-03-21 14:15:01.008839,Actor 1,Event type 5,Yes,No,Yes,No,Yes
2021-03-21 14:15:58.462911,2021-03-21 14:16:55.916983,Actor 2,Event type 2,No,No,Yes,Yes,No
2021-03-21 14:17:34.788392,2021-03-21 14:18:13.659801,Actor 2,Event type 4,No,No,No,No,No
2021-03-21 14:22:13.765108,2021-03-21 14:26:13.870415,Actor 2,Event type 5,Yes,No,No,Yes,No
2021-03-21 14:31:17.333840,2021-03-21 14:36:20.797265,Actor 1,Event type 2,No,Yes,Yes,No,No
2021-03-21 14:40:56.021090,2021-03-21 14:45:31.244915,Actor 1,Event type 2,Yes,Yes,Yes,Yes,Yes
2021-03-21 14:51:10.657890,2021-03-21 14:56:50.070865,Actor 2,Event type 1,No,Yes,Yes,No,No
2021-03-21 14:57:10.066506,2021-03-21 14:57:30.062147,Actor 2,Event type 3,Yes,No,No,Yes,No
2021-03-21 15:00:41.034369,2021-03-21 15:03:52.006591,Actor 2,Event type 2,Yes,No,No,No,Yes
2021-03-21 15:05:20.446756,2021-03-21 15:06:48.886921,Actor 2,Event type 1,Yes,No,Yes,No,No
2021-03-21 15:07:31.427395,2021-03-21 15:08:13.967869,Actor 2,Event type 2,No,No,No,No,Yes
2021-03-21 15:10:16.781101,2021-03-21 15:12:19.594333,Actor 1,Event type 2,No,No,Yes,No,No
2021-03-21 15:16:34.236096,2021-03-21 15:20:48.877859,Actor 1,Event type 4,Yes,No,Yes,No,Yes
2021-03-21 15:22:33.456087,2021-03-21 15:24:18.034315,Actor 1,Event type 1,No,Yes,No,No,No
2021-03-21 15:27:00.298068,2021-03-21 15:29:42.561821,Actor 2,Event type 5,No,Yes,Yes,Yes,Yes
2021-03-21 15:34:55.542611,2021-03-21 15:40:08.523401,Actor 1,Event type 2,No,No,No,No,No
2021-03-21 15:43:55.545536,2021-03-21 15:47:42.567671,Actor 1,Event type 5,No,No,Yes,No,No
2021-03-21 15:52:26.526708,2021-03-21 15:57:10.485745,Actor 1,Event type 4,Yes,No,No,Yes,Yes
2021-03-21 16:00:16.856598,2021-03-21 16:03:23.227451,Actor 1,Event type 5,No,Yes,Yes,No,Yes
2021-03-21 16:05:49.525967,2021-03-21 16:08:15.824483,Actor 1,Event type 3,No,Yes,Yes,Yes,No
2021-03-21 16:08:38.783204,2021-03-21 16:09:01.741925,Actor 1,Event type 3,No,No,Yes,No,No
2021-03-21 16:11:50.517793,2021-03-21 16:14:39.293661,Actor 1,Event type 4,No,Yes,Yes,No,Yes
2021-03-21 16:19:50.879415,2021-03-21 16:25:02.465169,Actor 1,Event type 4,No,No,Yes,Yes,No
2021-03-21 16:25:38.129425,2021-03-21 16:26:13.793681,Actor 2,Event type 1,No,No,Yes,Yes,No
2021-03-21 16:27:28.386727,2021-03-21 16:28:42.979773,Actor 1,Event type 2,No,No,No,Yes,Yes
2021-03-21 16:34:41.112287,2021-03-21 16:40:39.244801,Actor 1,Event type 2,Yes,Yes,No,No,Yes
2021-03-21 16:43:59.872018,2021-03-21 16:47:20.499235,Actor 1,Event type 2,No,Yes,Yes,No,Yes
2021-03-21 16:48:33.955808,2021-03-21 16:49:47.412381,Actor 2,Event type 3,No,No,No,Yes,Yes
2021-03-21 16:51:24.478611,2021-03-21 16:53:01.544841,Actor 1,Event type 2,Yes,No,No,No,No
2021-03-21 16:58:43.301122,2021-03-21 17:04:25.057403,Actor 2,Event type 4,Yes,Yes,Yes,Yes,No
2021-03-21 17:06:15.214274,2021-03-21 17:08:05.371145,Actor 2,Event type 5,No,No,Yes,Yes,Yes
2021-03-21 17:08:09.601629,2021-03-21 17:08:13.832113,Actor 1,Event type 3,Yes,Yes,No,Yes,Yes
2021-03-21 17:09:47.687389,2021-03-21 17:11:21.542665,Actor 2,Event type 5,No,No,No,Yes,Yes
2021-03-21 17:13:59.114113,2021-03-21 17:16:36.685561,Actor 1,Event type 4,No,No,Yes,No,No
2021-03-21 17:22:31.010933,2021-03-21 17:28:25.336305,Actor 1,Event type 4,No,Yes,No,Yes,Yes
2021-03-21 17:32:05.072431,2021-03-21 17:35:44.808557,Actor 2,Event type 1,No,Yes,Yes,No,Yes
2021-03-21 17:36:42.971240,2021-03-21 17:37:41.133923,Actor 1,Event type 4,Yes,No,Yes,No,No
2021-03-21 17:43:14.976882,2021-03-21 17:48:48.819841,Actor 2,Event type 1,No,Yes,Yes,No,Yes
2021-03-21 17:49:46.974965,2021-03-21 17:50:45.130089,Actor 2,Event type 4,No,No,No,No,No
2021-03-21 17:52:50.132647,2021-03-21 17:54:55.135205,Actor 1,Event type 4,Yes,Yes,Yes,Yes,No
2021-03-21 17:59:48.849908,2021-03-21 18:04:42.564611,Actor 1,Event type 1,No,No,Yes,No,Yes
2021-03-21 18:08:30.297481,2021-03-21 18:12:18.030351,Actor 2,Event type 3,Yes,No,Yes,No,Yes
2021-03-21 18:17:23.124052,2021-03-21 18:22:28.217753,Actor 2,Event type 5,Yes,No,No,Yes,No
2021-03-21 18:27:53.178341,2021-03-21 18:33:18.138929,Actor 1,Event type 4,No,No,Yes,No,No
2021-03-21 18:33:34.202015,2021-03-21 18:33:50.265101,Actor 2,Event type 1,No,Yes,Yes,No,No
2021-03-21 18:39:05.837697,2021-03-21 18:44:21.410293,Actor 1,Event type 3,No,No,Yes,No,No
2021-03-21 18:50:12.373790,2021-03-21 18:56:03.337287,Actor 2,Event type 3,Yes,No,No,Yes,Yes
2021-03-21 18:57:45.110551,2021-03-21 18:59:26.883815,Actor 2,Event type 3,No,No,No,Yes,Yes
2021-03-21 19:01:52.937463,2021-03-21 19:04:18.991111,Actor 1,Event type 4,No,No,Yes,No,No
2021-03-21 19:07:54.505533,2021-03-21 19:11:30.019955,Actor 2,Event type 2,Yes,No,No,No,No
2021-03-21 19:14:15.853125,2021-03-21 19:17:01.686295,Actor 1,Event type 2,Yes,No,No,Yes,No
2021-03-21 19:21:34.882381,2021-03-21 19:26:08.078467,Actor 1,Event type 5,No,Yes,No,Yes,No
2021-03-21 19:29:16.752181,2021-03-21 19:32:25.425895,Actor 2,Event type 2,No,No,Yes,No,No
2021-03-21 19:32:27.807012,2021-03-21 19:32:30.188129,Actor 2,Event type 1,Yes,Yes,No,No,Yes
2021-03-21 19:35:30.897259,2021-03-21 19:38:31.606389,Actor 1,Event type 5,Yes,Yes,Yes,No,No
2021-03-21 19:43:40.450642,2021-03-21 19:48:49.294895,Actor 1,Event type 2,No,No,No,Yes,Yes
2021-03-21 19:52:31.362599,2021-03-21 19:56:13.430303,Actor 1,Event type 4,No,No,Yes,No,Yes
2021-03-21 19:56:53.261799,2021-03-21 19:57:33.093295,Actor 2,Event type 2,No,No,Yes,No,No
2021-03-21 20:00:45.411649,2021-03-21 20:03:57.730003,Actor 1,Event type 3,No,No,No,No,Yes
2021-03-21 20:04:26.469317,2021-03-21 20:04:55.208631,Actor 2,Event type 2,No,No,No,Yes,No
2021-03-21 20:08:06.325913,2021-03-21 20:11:17.443195,Actor 2,Event type 3,Yes,Yes,Yes,Yes,No
2021-03-21 20:12:51.437022,2021-03-21 20:14:25.430849,Actor 2,Event type 1,No,No,No,Yes,No
2021-03-21 20:17:49.990327,2021-03-21 20:21:14.549805,Actor 1,Event type 4,Yes,No,Yes,Yes,No
2021-03-21 20:21:23.155182,2021-03-21 20:21:31.760559,Actor 1,Event type 3,No,Yes,Yes,Yes,No
2021-03-21 20:25:04.627609,2021-03-21 20:28:37.494659,Actor 1,Event type 1,No,Yes,Yes,Yes,Yes
2021-03-21 20:31:57.300702,2021-03-21 20:35:17.106745,Actor 2,Event type 5,Yes,No,Yes,Yes,No
2021-03-21 20:40:45.182977,2021-03-21 20:46:13.259209,Actor 1,Event type 5,Yes,Yes,No,Yes,No
2021-03-21 20:51:27.921518,2021-03-21 20:56:42.583827,Actor 1,Event type 2,Yes,No,Yes,Yes,Yes
2021-03-21 20:57:27.080962,2021-03-21 20:58:11.578097,Actor 2,Event type 1,Yes,No,Yes,Yes,No
2021-03-21 21:02:42.809177,2021-03-21 21:07:14.040257,Actor 2,Event type 1,No,Yes,No,No,No
2021-03-21 21:08:23.030520,2021-03-21 21:09:32.020783,Actor 2,Event type 4,No,No,No,No,No
2021-03-21 21:11:13.885815,2021-03-21 21:12:55.750847,Actor 1,Event type 2,Yes,Yes,Yes,No,No
2021-03-21 21:15:23.123723,2021-03-21 21:17:50.496599,Actor 1,Event type 1,Yes,No,Yes,No,Yes
2021-03-21 21:23:33.531376,2021-03-21 21:29:16.566153,Actor 1,Event type 1,No,Yes,No,Yes,No
2021-03-21 21:30:41.148118,2021-03-21 21:32:05.730083,Actor 1,Event type 3,No,Yes,Yes,No,Yes
2021-03-21 21:33:00.480441,2021-03-21 21:33:55.230799,Actor 2,Event type 3,No,No,No,Yes,No
2021-03-21 21:35:58.543674,2021-03-21 21:38:01.856549,Actor 2,Event type 4,No,Yes,No,Yes,No
2021-03-21 21:42:27.077567,2021-03-21 21:46:52.298585,Actor 2,Event type 1,Yes,Yes,No,Yes,Yes
2021-03-21 21:51:43.604189,2021-03-21 21:56:34.909793,Actor 1,Event type 5,Yes,No,No,Yes,No
2021-03-21 21:57:50.070111,2021-03-21 21:59:05.230429,Actor 1,Event type 2,No,No,Yes,Yes,No
2021-03-21 22:01:34.743450,2021-03-21 22:04:04.256471,Actor 2,Event type 3,No,No,Yes,Yes,Yes
2021-03-21 22:07:04.498791,2021-03-21 22:10:04.741111,Actor 2,Event type 3,No,Yes,Yes,No,Yes
2021-03-21 22:11:39.723043,2021-03-21 22:13:14.704975,Actor 1,Event type 5,No,No,Yes,Yes,No
2021-03-21 22:17:21.334594,2021-03-21 22:21:27.964213,Actor 2,Event type 5,Yes,Yes,No,Yes,No
2021-03-21 22:26:47.727276,2021-03-21 22:32:07.490339,Actor 2,Event type 5,Yes,No,Yes,No,Yes
2021-03-21 22:37:28.497806,2021-03-21 22:42:49.505273,Actor 1,Event type 2,No,Yes,Yes,Yes,No
2021-03-21 22:48:33.213924,2021-03-21 22:54:16.922575,Actor 2,Event type 2,Yes,Yes,No,No,No
2021-03-21 22:58:11.278233,2021-03-21 23:02:05.633891,Actor 1,Event type 1,Yes,Yes,Yes,Yes,No
2021-03-21 23:03:16.565914,2021-03-21 23:04:27.497937,Actor 2,Event type 3,Yes,No,No,Yes,No
2021-03-21 23:07:44.479407,2021-03-21 23:11:01.460877,Actor 2,Event type 2,No,Yes,Yes,Yes,No
2021-03-21 23:11:04.407411,2021-03-21 23:11:07.353945,Actor 2,Event type 2,Yes,Yes,Yes,Yes,No
2021-03-21 23:12:26.337038,2021-03-21 23:13:45.320131,Actor 2,Event type 5,Yes,No,No,Yes,No
2021-03-21 23:19:24.350005,2021-03-21 23:25:03.379879,Actor 2,Event type 2,Yes,Yes,No,No,No
2021-03-21 23:26:11.412398,2021-03-21 23:27:19.444917,Actor 2,Event type 4,No,Yes,Yes,No,No
2021-03-21 23:29:25.944358,2021-03-21 23:31:32.443799,Actor 1,Event type 3,Yes,Yes,Yes,Yes,No
2021-03-21 23:36:08.934431,2021-03-21 23:40:45.425063,Actor 2,Event type 5,Yes,Yes,Yes,No,No
2021-03-21 23:46:23.604537,2021-03-21 23:52:01.784011,Actor 1,Event type 5,Yes,Yes,No,Yes,Yes
2021-03-21 23:52:30.131871,2021-03-21 23:52:58.479731,Actor 2,Event type 3,Yes,No,No,No,Yes
2021-03-21 23:56:28.986117,2021-03-21 23:59:59.492503,Actor 1,Event type 5,No,No,Yes,No,No
2021-03-22 00:00:12.263844,2021-03-22 00:00:25.035185,Actor 2,Event type 5,No,No,Yes,No,Yes
2021-03-22 00:04:57.270102,2021-03-22 00:09:29.505019,Actor 2,Event type 3,Yes,Yes,No,No,Yes
2021-03-22 00:15:09.560843,2021-03-22 00:20:49.616667,Actor 1,Event type 3,Yes,No,Yes,Yes,No
2021-03-22 00:22:50.256654,2021-03-22 00:24:50.896641,Actor 2,Event type 4,No,Yes,Yes,No,Yes
2021-03-22 00:25:57.810897,2021-03-22 00:27:04.725153,Actor 2,Event type 1,No,No,No,Yes,Yes
2021-03-22 00:32:34.954387,2021-03-22 00:38:05.183621,Actor 2,Event type 5,Yes,Yes,No,Yes,No
2021-03-22 00:40:19.239017,2021-03-22 00:42:33.294413,Actor 1,Event type 1,No,No,No,Yes,No
2021-03-22 00:43:55.341469,2021-03-22 00:45:17.388525,Actor 1,Event type 3,Yes,Yes,No,Yes,Yes
2021-03-22 00:49:42.659355,2021-03-22 00:54:07.930185,Actor 1,Event type 2,Yes,Yes,No,Yes,Yes
2021-03-22 00:55:18.845063,2021-03-22 00:56:29.759941,Actor 2,Event type 4,No,Yes,Yes,Yes,Yes
2021-03-22 00:59:53.330085,2021-03-22 01:03:16.900229,Actor 2,Event type 5,Yes,No,No,No,No
2021-03-22 01:08:02.194990,2021-03-22 01:12:47.489751,Actor 1,Event type 2,No,No,No,Yes,Yes
2021-03-22 01:15:54.248604,2021-03-22 01:19:01.007457,Actor 1,Event type 4,Yes,No,Yes,No,No
2021-03-22 01:19:25.756523,2021-03-22 01:19:50.505589,Actor 2,Event type 2,No,Yes,No,Yes,No
2021-03-22 01:24:34.060797,2021-03-22 01:29:17.616005,Actor 1,Event type 5,No,Yes,Yes,No,No
2021-03-22 01:30:15.272600,2021-03-22 01:31:12.929195,Actor 2,Event type 5,No,No,No,Yes,Yes
2021-03-22 01:32:38.331946,2021-03-22 01:34:03.734697,Actor 1,Event type 4,No,No,Yes,No,Yes
2021-03-22 01:37:43.433752,2021-03-22 01:41:23.132807,Actor 2,Event type 5,No,Yes,No,No,Yes
2021-03-22 01:43:23.443557,2021-03-22 01:45:23.754307,Actor 2,Event type 5,No,Yes,Yes,No,Yes
2021-03-22 01:45:57.076497,2021-03-22 01:46:30.398687,Actor 2,Event type 5,Yes,Yes,Yes,Yes,No
2021-03-22 01:48:48.513907,2021-03-22 01:51:06.629127,Actor 2,Event type 4,No,No,Yes,Yes,No
2021-03-22 01:54:14.113374,2021-03-22 01:57:21.597621,Actor 1,Event type 5,Yes,Yes,No,No,Yes
2021-03-22 02:00:45.061080,2021-03-22 02:04:08.524539,Actor 1,Event type 4,Yes,Yes,No,Yes,No
2021-03-22 02:07:32.291739,2021-03-22 02:10:56.058939,Actor 1,Event type 1,No,Yes,Yes,Yes,Yes
2021-03-22 02:15:56.408084,2021-03-22 02:20:56.757229,Actor 2,Event type 3,No,No,No,No,No
2021-03-22 02:26:24.985248,2021-03-22 02:31:53.213267,Actor 2,Event type 1,No,No,No,No,Yes
2021-03-22 02:35:51.467807,2021-03-22 02:39:49.722347,Actor 2,Event type 1,No,No,Yes,Yes,Yes
2021-03-22 02:43:02.692829,2021-03-22 02:46:15.663311,Actor 2,Event type 2,No,Yes,No,No,Yes
2021-03-22 02:50:36.180524,2021-03-22 02:54:56.697737,Actor 2,Event type 3,Yes,No,No,No,No
2021-03-22 02:55:17.801331,2021-03-22 02:55:38.904925,Actor 1,Event type 2,No,No,No,No,Yes
2021-03-22 03:00:17.327576,2021-03-22 03:04:55.750227,Actor 1,Event type 5,No,Yes,No,Yes,No
2021-03-22 03:08:44.913940,2021-03-22 03:12:34.077653,Actor 1,Event type 5,Yes,No,No,No,Yes
2021-03-22 03:14:50.001158,2021-03-22 03:17:05.924663,Actor 1,Event type 2,No,Yes,No,No,Yes
2021-03-22 03:18:41.370891,2021-03-22 03:20:16.817119,Actor 2,Event type 5,No,Yes,No,No,No
2021-03-22 03:23:00.313516,2021-03-22 03:25:43.809913,Actor 2,Event type 2,Yes,No,No,No,Yes
2021-03-22 03:26:56.443761,2021-03-22 03:28:09.077609,Actor 1,Event type 2,No,No,No,Yes,No
2021-03-22 03:30:45.048750,2021-03-22 03:33:21.019891,Actor 2,Event type 2,No,Yes,Yes,Yes,Yes
2021-03-22 03:36:05.625337,2021-03-22 03:38:50.230783,Actor 1,Event type 4,Yes,Yes,Yes,No,Yes
2021-03-22 03:40:11.851626,2021-03-22 03:41:33.472469,Actor 1,Event type 3,Yes,No,Yes,No,No
2021-03-22 03:45:47.656731,2021-03-22 03:50:01.840993,Actor 1,Event type 2,Yes,No,No,No,No
2021-03-22 03:50:33.558325,2021-03-22 03:51:05.275657,Actor 1,Event type 1,No,No,No,No,Yes
2021-03-22 03:53:28.769003,2021-03-22 03:55:52.262349,Actor 1,Event type 5,Yes,No,No,No,No
2021-03-22 03:57:49.963558,2021-03-22 03:59:47.664767,Actor 1,Event type 5,No,Yes,Yes,No,Yes
2021-03-22 04:00:48.715526,2021-03-22 04:01:49.766285,Actor 1,Event type 3,No,Yes,No,Yes,Yes
2021-03-22 04:06:16.292948,2021-03-22 04:10:42.819611,Actor 1,Event type 3,Yes,Yes,No,Yes,Yes
2021-03-22 04:13:14.975304,2021-03-22 04:15:47.130997,Actor 1,Event type 5,No,Yes,No,No,Yes
2021-03-22 04:16:16.384738,2021-03-22 04:16:45.638479,Actor 2,Event type 2,Yes,Yes,No,No,Yes
2021-03-22 04:20:57.921204,2021-03-22 04:25:10.203929,Actor 2,Event type 3,Yes,Yes,Yes,Yes,No
2021-03-22 04:30:02.733686,2021-03-22 04:34:55.263443,Actor 1,Event type 5,Yes,Yes,Yes,No,No
2021-03-22 04:38:14.741852,2021-03-22 04:41:34.220261,Actor 2,Event type 2,Yes,No,No,Yes,No
2021-03-22 04:47:06.325425,2021-03-22 04:52:38.430589,Actor 1,Event type 5,No,No,No,Yes,Yes
2021-03-22 04:57:37.303809,2021-03-22 05:02:36.177029,Actor 1,Event type 5,No,No,Yes,Yes,No
2021-03-22 05:03:18.769436,2021-03-22 05:04:01.361843,Actor 1,Event type 3,Yes,Yes,Yes,Yes,No
2021-03-22 05:07:37.883297,2021-03-22 05:11:14.404751,Actor 2,Event type 5,No,No,Yes,No,No
2021-03-22 05:12:59.674772,2021-03-22 05:14:44.944793,Actor 1,Event type 5,Yes,Yes,No,No,No
2021-03-22 05:17:08.507746,2021-03-22 05:19:32.070699,Actor 1,Event type 2,Yes,Yes,No,No,No
2021-03-22 05:20:28.590056,2021-03-22 05:21:25.109413,Actor 2,Event type 4,Yes,Yes,Yes,Yes,No
2021-03-22 05:25:27.206876,2021-03-22 05:29:29.304339,Actor 1,Event type 4,No,Yes,No,No,Yes
2021-03-22 05:32:27.706407,2021-03-22 05:35:26.108475,Actor 2,Event type 5,No,Yes,No,Yes,Yes
2021-03-22 05:39:10.446295,2021-03-22 05:42:54.784115,Actor 1,Event type 3,No,No,Yes,Yes,Yes
2021-03-22 05:44:42.087304,2021-03-22 05:46:29.390493,Actor 2,Event type 4,No,No,No,No,No
2021-03-22 05:48:22.023790,2021-03-22 05:50:14.657087,Actor 2,Event type 2,No,Yes,Yes,Yes,No
2021-03-22 05:55:30.913328,2021-03-22 06:00:47.169569,Actor 1,Event type 4,No,No,Yes,Yes,No
2021-03-22 06:01:48.986662,2021-03-22 06:02:50.803755,Actor 1,Event type 3,No,No,No,Yes,Yes
2021-03-22 06:06:28.290701,2021-03-22 06:10:05.777647,Actor 1,Event type 3,Yes,No,No,Yes,Yes
2021-03-22 06:15:56.970739,2021-03-22 06:21:48.163831,Actor 1,Event type 5,No,Yes,No,No,Yes
2021-03-22 06:22:57.335925,2021-03-22 06:24:06.508019,Actor 2,Event type 3,No,No,Yes,Yes,No
2021-03-22 06:27:41.667369,2021-03-22 06:31:16.826719,Actor 1,Event type 3,Yes,Yes,No,Yes,No
2021-03-22 06:32:45.751462,2021-03-22 06:34:14.676205,Actor 2,Event type 2,Yes,Yes,No,Yes,No
2021-03-22 06:39:13.434673,2021-03-22 06:44:12.193141,Actor 2,Event type 5,Yes,No,Yes,No,No
2021-03-22 06:48:13.681168,2021-03-22 06:52:15.169195,Actor 1,Event type 3,Yes,Yes,No,No,Yes
2021-03-22 06:54:01.047876,2021-03-22 06:55:46.926557,Actor 1,Event type 5,Yes,No,Yes,No,Yes
2021-03-22 07:00:13.443979,2021-03-22 07:04:39.961401,Actor 2,Event type 4,Yes,No,Yes,Yes,No
2021-03-22 07:06:40.360784,2021-03-22 07:08:40.760167,Actor 2,Event type 3,No,No,Yes,Yes,No
2021-03-22 07:13:58.602426,2021-03-22 07:19:16.444685,Actor 2,Event type 4,Yes,No,No,Yes,No
2021-03-22 07:23:41.905014,2021-03-22 07:28:07.365343,Actor 2,Event type 5,No,No,No,No,No
2021-03-22 07:29:55.788219,2021-03-22 07:31:44.211095,Actor 2,Event type 3,Yes,Yes,No,Yes,No
2021-03-22 07:34:48.112006,2021-03-22 07:37:52.012917,Actor 2,Event type 3,Yes,Yes,Yes,No,Yes
2021-03-22 07:38:04.683906,2021-03-22 07:38:17.354895,Actor 2,Event type 2,Yes,Yes,Yes,No,No
2021-03-22 07:43:49.644722,2021-03-22 07:49:21.934549,Actor 1,Event type 4,No,No,No,No,Yes
2021-03-22 07:53:41.254970,2021-03-22 07:58:00.575391,Actor 2,Event type 1,Yes,Yes,No,No,Yes
2021-03-22 08:03:30.306813,2021-03-22 08:09:00.038235,Actor 2,Event type 5,No,Yes,Yes,Yes,Yes
2021-03-22 08:13:29.719682,2021-03-22 08:17:59.401129,Actor 2,Event type 1,No,Yes,No,Yes,Yes
2021-03-22 08:22:12.754794,2021-03-22 08:26:26.108459,Actor 1,Event type 4,Yes,No,No,No,Yes
2021-03-22 08:32:18.939128,2021-03-22 08:38:11.769797,Actor 2,Event type 2,Yes,No,Yes,No,No
2021-03-22 08:38:36.883727,2021-03-22 08:39:01.997657,Actor 2,Event type 5,Yes,Yes,No,Yes,Yes
2021-03-22 08:41:51.728257,2021-03-22 08:44:41.458857,Actor 2,Event type 4,Yes,No,Yes,No,No
2021-03-22 08:46:08.040684,2021-03-22 08:47:34.622511,Actor 2,Event type 3,No,No,Yes,Yes,Yes
2021-03-22 08:48:54.128139,2021-03-22 08:50:13.633767,Actor 1,Event type 1,No,No,Yes,No,Yes
2021-03-22 08:55:35.830026,2021-03-22 09:00:58.026285,Actor 2,Event type 4,No,Yes,Yes,No,Yes
2021-03-22 09:05:17.265174,2021-03-22 09:09:36.504063,Actor 1,Event type 5,Yes,Yes,No,Yes,No
2021-03-22 09:13:01.412866,2021-03-22 09:16:26.321669,Actor 1,Event type 5,No,No,No,Yes,Yes
2021-03-22 09:18:09.391678,2021-03-22 09:19:52.461687,Actor 2,Event type 4,No,No,Yes,Yes,No
2021-03-22 09:22:40.311049,2021-03-22 09:25:28.160411,Actor 1,Event type 1,No,No,No,No,No
2021-03-22 09:25:29.548011,2021-03-22 09:25:30.935611,Actor 2,Event type 4,Yes,No,Yes,No,Yes
2021-03-22 09:30:58.796124,2021-03-22 09:36:26.656637,Actor 2,Event type 3,No,No,Yes,Yes,Yes
2021-03-22 09:42:10.923512,2021-03-22 09:47:55.190387,Actor 2,Event type 2,Yes,Yes,No,No,Yes
2021-03-22 09:50:36.494883,2021-03-22 09:53:17.799379,Actor 1,Event type 4,No,No,No,No,No
2021-03-22 09:54:33.084376,2021-03-22 09:55:48.369373,Actor 2,Event type 4,No,No,No,No,No
2021-03-22 10:00:21.793261,2021-03-22 10:04:55.217149,Actor 2,Event type 5,No,Yes,No,No,Yes
2021-03-22 10:06:50.956856,2021-03-22 10:08:46.696563,Actor 1,Event type 2,Yes,Yes,Yes,No,No
2021-03-22 10:11:43.436228,2021-03-22 10:14:40.175893,Actor 1,Event type 2,Yes,Yes,Yes,Yes,Yes
2021-03-22 10:16:46.662966,2021-03-22 10:18:53.150039,Actor 2,Event type 1,No,No,No,No,No
2021-03-22 10:20:43.761782,2021-03-22 10:22:34.373525,Actor 1,Event type 1,No,No,Yes,No,No
2021-03-22 10:22:49.842167,2021-03-22 10:23:05.310809,Actor 1,Event type 4,No,Yes,No,Yes,Yes
2021-03-22 10:28:36.145258,2021-03-22 10:34:06.979707,Actor 1,Event type 3,No,No,No,No,Yes
2021-03-22 10:36:50.899257,2021-03-22 10:39:34.818807,Actor 1,Event type 1,Yes,No,No,No,No
2021-03-22 10:41:23.783961,2021-03-22 10:43:12.749115,Actor 1,Event type 4,Yes,Yes,Yes,Yes,No
2021-03-22 10:45:39.453472,2021-03-22 10:48:06.157829,Actor 1,Event type 1,No,Yes,No,No,No
2021-03-22 10:48:52.552317,2021-03-22 10:49:38.946805,Actor 1,Event type 1,No,Yes,Yes,No,Yes
2021-03-22 10:51:43.911401,2021-03-22 10:53:48.875997,Actor 1,Event type 1,Yes,Yes,Yes,No,No
2021-03-22 10:58:01.527777,2021-03-22 11:02:14.179557,Actor 2,Event type 5,Yes,No,Yes,Yes,Yes
2021-03-22 11:04:43.273204,2021-03-22 11:07:12.366851,Actor 1,Event type 3,Yes,No,No,Yes,No
2021-03-22 11:11:23.300953,2021-03-22 11:15:34.235055,Actor 1,Event type 2,No,Yes,Yes,No,Yes
2021-03-22 11:19:37.438246,2021-03-22 11:23:40.641437,Actor 2,Event type 3,No,No,Yes,No,No
2021-03-22 11:23:46.490866,2021-03-22 11:23:52.340295,Actor 2,Event type 5,No,No,Yes,Yes,Yes
2021-03-22 11:26:04.620014,2021-03-22 11:28:16.899733,Actor 1,Event type 2,No,No,No,Yes,No
2021-03-22 11:34:10.793772,2021-03-22 11:40:04.687811,Actor 1,Event type 5,No,Yes,Yes,Yes,No
2021-03-22 11:44:23.456663,2021-03-22 11:48:42.225515,Actor 2,Event type 1,No,No,No,Yes,No
2021-03-22 11:53:37.648633,2021-03-22 11:58:33.071751,Actor 1,Event type 5,Yes,No,No,No,No
2021-03-22 12:01:18.032092,2021-03-22 12:04:02.992433,Actor 1,Event type 1,Yes,Yes,No,Yes,Yes
2021-03-22 12:07:53.488135,2021-03-22 12:11:43.983837,Actor 1,Event type 2,No,No,No,No,Yes
2021-03-22 12:16:43.744385,2021-03-22 12:21:43.504933,Actor 1,Event type 4,No,No,No,Yes,No
2021-03-22 12:23:31.215512,2021-03-22 12:25:18.926091,Actor 2,Event type 4,Yes,No,No,No,Yes
2021-03-22 12:28:04.882633,2021-03-22 12:30:50.839175,Actor 2,Event type 3,No,No,No,No,Yes
2021-03-22 12:34:00.288611,2021-03-22 12:37:09.738047,Actor 1,Event type 3,No,No,Yes,Yes,Yes
2021-03-22 12:42:30.584514,2021-03-22 12:47:51.430981,Actor 1,Event type 3,No,No,Yes,No,Yes
2021-03-22 12:49:57.407729,2021-03-22 12:52:03.384477,Actor 2,Event type 3,Yes,Yes,No,No,No
2021-03-22 12:52:49.421701,2021-03-22 12:53:35.458925,Actor 2,Event type 5,Yes,No,Yes,Yes,Yes
2021-03-22 12:54:33.032625,2021-03-22 12:55:30.606325,Actor 1,Event type 4,No,No,No,Yes,Yes
2021-03-22 12:58:04.127058,2021-03-22 13:00:37.647791,Actor 2,Event type 4,No,Yes,No,No,Yes
2021-03-22 13:00:50.659602,2021-03-22 13:01:03.671413,Actor 1,Event type 2,Yes,Yes,No,No,No
2021-03-22 13:01:29.167477,2021-03-22 13:01:54.663541,Actor 2,Event type 3,Yes,Yes,Yes,Yes,Yes
2021-03-22 13:03:36.893782,2021-03-22 13:05:19.124023,Actor 1,Event type 3,Yes,No,No,Yes,No
2021-03-22 13:06:35.973074,2021-03-22 13:07:52.822125,Actor 1,Event type 1,No,Yes,No,No,No
2021-03-22 13:08:38.713697,2021-03-22 13:09:24.605269,Actor 2,Event type 5,Yes,No,Yes,No,No
2021-03-22 13:14:29.052433,2021-03-22 13:19:33.499597,Actor 2,Event type 2,No,No,Yes,Yes,Yes
2021-03-22 13:20:22.362759,2021-03-22 13:21:11.225921,Actor 1,Event type 5,No,No,Yes,No,Yes
2021-03-22 13:25:51.451018,2021-03-22 13:30:31.676115,Actor 1,Event type 5,Yes,No,Yes,No,No
2021-03-22 13:34:06.392108,2021-03-22 13:37:41.108101,Actor 2,Event type 1,Yes,No,Yes,Yes,No
2021-03-22 13:41:54.860025,2021-03-22 13:46:08.611949,Actor 2,Event type 4,Yes,No,No,No,Yes
2021-03-22 13:49:59.245373,2021-03-22 13:53:49.878797,Actor 2,Event type 5,Yes,Yes,No,Yes,Yes
2021-03-22 13:56:52.783405,2021-03-22 13:59:55.688013,Actor 2,Event type 2,Yes,No,No,Yes,No
2021-03-22 14:01:15.810713,2021-03-22 14:02:35.933413,Actor 2,Event type 4,No,Yes,No,Yes,No
2021-03-22 14:08:16.087983,2021-03-22 14:13:56.242553,Actor 1,Event type 1,No,Yes,No,No,No
2021-03-22 14:15:17.450226,2021-03-22 14:16:38.657899,Actor 1,Event type 4,Yes,No,Yes,Yes,No
2021-03-22 14:21:39.799146,2021-03-22 14:26:40.940393,Actor 2,Event type 4,No,No,No,No,Yes
2021-03-22 14:27:44.392245,2021-03-22 14:28:47.844097,Actor 1,Event type 3,No,Yes,Yes,No,No
2021-03-22 14:31:41.679069,2021-03-22 14:34:35.514041,Actor 1,Event type 1,No,Yes,Yes,No,Yes
2021-03-22 14:35:32.664519,2021-03-22 14:36:29.814997,Actor 1,Event type 2,No,Yes,No,Yes,Yes
2021-03-22 14:38:49.056682,2021-03-22 14:41:08.298367,Actor 1,Event type 4,Yes,No,No,No,No
2021-03-22 14:47:06.855765,2021-03-22 14:53:05.413163,Actor 1,Event type 4,Yes,Yes,Yes,Yes,Yes
2021-03-22 14:57:48.083877,2021-03-22 15:02:30.754591,Actor 1,Event type 4,Yes,No,No,No,Yes
2021-03-22 15:04:17.236945,2021-03-22 15:06:03.719299,Actor 2,Event type 4,Yes,No,Yes,Yes,No
2021-03-22 15:09:49.649639,2021-03-22 15:13:35.579979,Actor 1,Event type 5,No,No,Yes,No,No
2021-03-22 15:19:00.082057,2021-03-22 15:24:24.584135,Actor 1,Event type 2,Yes,No,Yes,No,No
2021-03-22 15:25:07.055924,2021-03-22 15:25:49.527713,Actor 2,Event type 4,No,No,Yes,Yes,Yes
2021-03-22 15:28:50.083404,2021-03-22 15:31:50.639095,Actor 2,Event type 2,No,Yes,Yes,Yes,No
2021-03-22 15:32:51.738083,2021-03-22 15:33:52.837071,Actor 1,Event type 1,No,No,No,Yes,Yes
2021-03-22 15:34:14.600762,2021-03-22 15:34:36.364453,Actor 1,Event type 3,No,Yes,Yes,Yes,Yes
2021-03-22 15:35:53.604362,2021-03-22 15:37:10.844271,Actor 2,Event type 1,No,Yes,No,No,No
2021-03-22 15:42:54.146198,2021-03-22 15:48:37.448125,Actor 1,Event type 5,Yes,Yes,Yes,Yes,No
2021-03-22 15:54:16.069281,2021-03-22 15:59:54.690437,Actor 2,Event type 5,No,No,Yes,Yes,No
2021-03-22 16:02:48.317854,2021-03-22 16:05:41.945271,Actor 2,Event type 4,No,No,Yes,Yes,No
2021-03-22 16:06:20.463292,2021-03-22 16:06:58.981313,Actor 2,Event type 2,No,Yes,Yes,No,Yes
2021-03-22 16:09:46.981968,2021-03-22 16:12:34.982623,Actor 1,Event type 4,No,No,No,Yes,No
2021-03-22 16:13:35.783860,2021-03-22 16:14:36.585097,Actor 1,Event type 1,No,No,Yes,No,No
2021-03-22 16:14:42.056798,2021-03-22 16:14:47.528499,Actor 1,Event type 3,No,Yes,No,No,Yes
2021-03-22 16:16:44.270794,2021-03-22 16:18:41.013089,Actor 1,Event type 3,No,Yes,Yes,Yes,No
2021-03-22 16:21:10.522181,2021-03-22 16:23:40.031273,Actor 1,Event type 1,Yes,Yes,No,Yes,No
2021-03-22 16:27:51.147573,2021-03-22 16:32:02.263873,Actor 1,Event type 1,No,Yes,No,Yes,No
2021-03-22 16:32:34.302725,2021-03-22 16:33:06.341577,Actor 1,Event type 5,No,No,No,No,No
2021-03-22 16:33:46.169727,2021-03-22 16:34:25.997877,Actor 2,Event type 1,Yes,Yes,No,Yes,No
2021-03-22 16:37:47.432830,2021-03-22 16:41:08.867783,Actor 2,Event type 4,No,No,Yes,No,Yes
2021-03-22 16:42:09.762361,2021-03-22 16:43:10.656939,Actor 2,Event type 4,Yes,Yes,No,No,No
2021-03-22 16:45:59.852483,2021-03-22 16:48:49.048027,Actor 1,Event type 3,No,Yes,No,No,No
2021-03-22 16:50:58.572341,2021-03-22 16:53:08.096655,Actor 1,Event type 1,Yes,No,No,Yes,Yes
2021-03-22 16:54:56.172318,2021-03-22 16:56:44.247981,Actor 1,Event type 2,Yes,No,Yes,No,Yes
2021-03-22 17:02:21.533993,2021-03-22 17:07:58.820005,Actor 1,Event type 2,Yes,No,Yes,Yes,No
2021-03-22 17:09:36.168228,2021-03-22 17:11:13.516451,Actor 1,Event type 2,Yes,Yes,No,No,Yes
2021-03-22 17:11:52.068247,2021-03-22 17:12:30.620043,Actor 1,Event type 4,Yes,No,Yes,Yes,No
2021-03-22 17:13:52.644211,2021-03-22 17:15:14.668379,Actor 2,Event type 4,No,No,Yes,No,No
2021-03-22 17:17:18.079695,2021-03-22 17:19:21.491011,Actor 1,Event type 5,Yes,Yes,Yes,No,No
2021-03-22 17:21:50.164058,2021-03-22 17:24:18.837105,Actor 1,Event type 1,Yes,Yes,Yes,Yes,No
2021-03-22 17:26:48.821255,2021-03-22 17:29:18.805405,Actor 1,Event type 2,No,Yes,No,No,Yes
2021-03-22 17:30:27.334965,2021-03-22 17:31:35.864525,Actor 2,Event type 4,Yes,Yes,No,Yes,No
2021-03-22 17:35:46.412039,2021-03-22 17:39:56.959553,Actor 2,Event type 1,Yes,No,Yes,Yes,Yes
2021-03-22 17:43:13.607657,2021-03-22 17:46:30.255761,Actor 2,Event type 4,No,Yes,No,No,Yes
2021-03-22 17:47:00.479162,2021-03-22 17:47:30.702563,Actor 1,Event type 1,Yes,No,No,Yes,No
2021-03-22 17:48:05.802115,2021-03-22 17:48:40.901667,Actor 1,Event type 5,Yes,Yes,Yes,No,No
2021-03-22 17:52:16.516212,2021-03-22 17:55:52.130757,Actor 2,Event type 3,Yes,No,No,Yes,Yes
2021-03-22 17:58:22.127105,2021-03-22 18:00:52.123453,Actor 2,Event type 3,No,No,Yes,No,Yes
2021-03-22 18:02:34.671284,2021-03-22 18:04:17.219115,Actor 2,Event type 1,Yes,Yes,No,Yes,Yes
2021-03-22 18:05:41.332552,2021-03-22 18:07:05.445989,Actor 1,Event type 3,Yes,No,No,No,No
2021-03-22 18:07:26.321000,2021-03-22 18:07:47.196011,Actor 1,Event type 4,Yes,No,Yes,No,Yes
2021-03-22 18:12:14.977348,2021-03-22 18:16:42.758685,Actor 2,Event type 4,No,No,No,No,No
2021-03-22 18:21:02.552622,2021-03-22 18:25:22.346559,Actor 1,Event type 4,No,No,No,Yes,Yes
2021-03-22 18:29:47.809054,2021-03-22 18:34:13.271549,Actor 1,Event type 5,No,No,Yes,Yes,No
2021-03-22 18:36:07.448248,2021-03-22 18:38:01.624947,Actor 1,Event type 3,Yes,No,Yes,No,No
2021-03-22 18:43:40.209160,2021-03-22 18:49:18.793373,Actor 1,Event type 5,Yes,Yes,No,No,No
2021-03-22 18:53:51.756501,2021-03-22 18:58:24.719629,Actor 2,Event type 3,No,No,No,Yes,No
2021-03-22 19:00:09.568403,2021-03-22 19:01:54.417177,Actor 1,Event type 3,Yes,Yes,No,Yes,Yes
2021-03-22 19:06:40.391431,2021-03-22 19:11:26.365685,Actor 1,Event type 2,No,No,Yes,No,Yes
2021-03-22 19:11:43.878830,2021-03-22 19:12:01.391975,Actor 1,Event type 1,No,Yes,Yes,Yes,No
2021-03-22 19:14:58.558398,2021-03-22 19:17:55.724821,Actor 1,Event type 2,No,Yes,Yes,Yes,No
2021-03-22 19:22:35.972481,2021-03-22 19:27:16.220141,Actor 1,Event type 1,Yes,No,Yes,No,No
2021-03-22 19:30:44.987989,2021-03-22 19:34:13.755837,Actor 1,Event type 3,No,No,No,Yes,Yes
2021-03-22 19:37:03.643496,2021-03-22 19:39:53.531155,Actor 1,Event type 5,Yes,Yes,No,No,No
2021-03-22 19:44:05.445358,2021-03-22 19:48:17.359561,Actor 2,Event type 2,Yes,No,No,No,No
2021-03-22 19:49:51.495190,2021-03-22 19:51:25.630819,Actor 2,Event type 1,Yes,No,Yes,Yes,Yes
2021-03-22 19:53:59.799979,2021-03-22 19:56:33.969139,Actor 2,Event type 1,No,No,Yes,Yes,No
2021-03-22 20:01:04.084203,2021-03-22 20:05:34.199267,Actor 2,Event type 2,No,No,Yes,No,No
2021-03-22 20:10:15.920728,2021-03-22 20:14:57.642189,Actor 1,Event type 1,Yes,Yes,No,Yes,Yes
2021-03-22 20:18:22.963193,2021-03-22 20:21:48.284197,Actor 2,Event type 2,No,Yes,Yes,Yes,No
2021-03-22 20:22:08.199302,2021-03-22 20:22:28.114407,Actor 1,Event type 3,No,No,No,No,No
2021-03-22 20:27:13.313452,2021-03-22 20:31:58.512497,Actor 2,Event type 2,Yes,Yes,Yes,Yes,Yes
2021-03-22 20:32:29.181027,2021-03-22 20:32:59.849557,Actor 1,Event type 2,No,Yes,Yes,Yes,Yes
2021-03-22 20:38:54.503470,2021-03-22 20:44:49.157383,Actor 2,Event type 3,No,Yes,No,Yes,No
2021-03-22 20:45:10.261479,2021-03-22 20:45:31.365575,Actor 1,Event type 4,Yes,Yes,No,No,No
2021-03-22 20:47:24.229181,2021-03-22 20:49:17.092787,Actor 2,Event type 3,No,Yes,Yes,Yes,No
2021-03-22 20:50:23.573390,2021-03-22 20:51:30.053993,Actor 2,Event type 2,Yes,No,Yes,Yes,Yes
2021-03-22 20:55:09.692634,2021-03-22 20:58:49.331275,Actor 2,Event type 5,No,Yes,Yes,Yes,No
2021-03-22 21:00:30.984098,2021-03-22 21:02:12.636921,Actor 1,Event type 1,No,No,Yes,No,No
2021-03-22 21:07:18.244916,2021-03-22 21:12:23.852911,Actor 1,Event type 5,No,No,No,No,No
2021-03-22 21:17:16.312750,2021-03-22 21:22:08.772589,Actor 1,Event type 2,No,Yes,No,Yes,No
2021-03-22 21:28:06.903507,2021-03-22 21:34:05.034425,Actor 2,Event type 1,No,No,Yes,Yes,No
2021-03-22 21:38:05.123241,2021-03-22 21:42:05.212057,Actor 1,Event type 1,No,No,No,Yes,No
2021-03-22 21:46:37.718899,2021-03-22 21:51:10.225741,Actor 2,Event type 5,No,Yes,Yes,No,Yes
2021-03-22 21:56:04.735681,2021-03-22 22:00:59.245621,Actor 2,Event type 4,No,No,No,Yes,No
2021-03-22 22:04:51.205359,2021-03-22 22:08:43.165097,Actor 2,Event type 4,No,No,Yes,No,Yes
2021-03-22 22:11:29.055774,2021-03-22 22:14:14.946451,Actor 1,Event type 2,No,Yes,No,Yes,No
2021-03-22 22:15:22.006124,2021-03-22 22:16:29.065797,Actor 2,Event type 4,No,Yes,Yes,No,Yes
2021-03-22 22:16:50.759791,2021-03-22 22:17:12.453785,Actor 1,Event type 1,Yes,No,Yes,No,Yes
2021-03-22 22:17:29.357234,2021-03-22 22:17:46.260683,Actor 2,Event type 3,No,Yes,No,No,Yes
2021-03-22 22:23:34.069111,2021-03-22 22:29:21.877539,Actor 1,Event type 3,Yes,Yes,Yes,No,No
2021-03-22 22:32:17.852958,2021-03-22 22:35:13.828377,Actor 2,Event type 4,Yes,No,No,Yes,Yes
2021-03-22 22:40:58.960870,2021-03-22 22:46:44.093363,Actor 2,Event type 2,Yes,Yes,No,Yes,No
2021-03-22 22:49:40.205197,2021-03-22 22:52:36.317031,Actor 1,Event type 5,No,No,Yes,No,Yes
2021-03-22 22:56:19.798878,2021-03-22 23:00:03.280725,Actor 2,Event type 1,Yes,Yes,No,Yes,Yes
2021-03-22 23:05:20.585715,2021-03-22 23:10:37.890705,Actor 2,Event type 1,No,Yes,No,Yes,Yes
2021-03-22 23:15:42.022170,2021-03-22 23:20:46.153635,Actor 2,Event type 1,No,Yes,No,Yes,No
2021-03-22 23:22:00.479124,2021-03-22 23:23:14.804613,Actor 1,Event type 4,Yes,Yes,Yes,No,Yes
2021-03-22 23:28:12.361803,2021-03-22 23:33:09.918993,Actor 2,Event type 5,Yes,No,Yes,Yes,No
2021-03-22 23:33:58.895357,2021-03-22 23:34:47.871721,Actor 2,Event type 4,Yes,Yes,Yes,No,Yes
2021-03-22 23:35:07.953004,2021-03-22 23:35:28.034287,Actor 1,Event type 5,No,Yes,Yes,Yes,No
2021-03-22 23:37:39.853514,2021-03-22 23:39:51.672741,Actor 1,Event type 2,No,No,Yes,No,No
2021-03-22 23:42:48.643169,2021-03-22 23:45:45.613597,Actor 2,Event type 3,Yes,Yes,No,No,Yes
2021-03-22 23:46:37.964412,2021-03-22 23:47:30.315227,Actor 2,Event type 4,No,Yes,Yes,No,No
2021-03-22 23:50:17.390607,2021-03-22 23:53:04.465987,Actor 1,Event type 5,Yes,Yes,Yes,No,Yes
2021-03-22 23:55:04.876396,2021-03-22 23:57:05.286805,Actor 2,Event type 2,No,No,No,Yes,Yes
2021-03-23 00:02:58.065442,2021-03-23 00:08:50.844079,Actor 1,Event type 4,No,No,No,No,No
2021-03-23 00:13:45.837483,2021-03-23 00:18:40.830887,Actor 2,Event type 1,Yes,No,Yes,No,No
2021-03-23 00:19:58.178017,2021-03-23 00:21:15.525147,Actor 2,Event type 3,No,Yes,No,No,No
2021-03-23 00:25:45.102992,2021-03-23 00:30:14.680837,Actor 2,Event type 2,No,No,No,Yes,Yes
2021-03-23 00:32:04.850021,2021-03-23 00:33:55.019205,Actor 2,Event type 3,Yes,Yes,Yes,Yes,No
2021-03-23 00:39:33.393868,2021-03-23 00:45:11.768531,Actor 2,Event type 3,Yes,No,Yes,Yes,Yes
2021-03-23 00:50:20.195941,2021-03-23 00:55:28.623351,Actor 2,Event type 1,Yes,Yes,No,Yes,No
2021-03-23 00:56:21.382487,2021-03-23 00:57:14.141623,Actor 1,Event type 1,No,Yes,No,Yes,Yes
2021-03-23 00:59:28.028239,2021-03-23 01:01:41.914855,Actor 2,Event type 1,No,No,Yes,No,No
2021-03-23 01:07:37.112950,2021-03-23 01:13:32.311045,Actor 2,Event type 5,Yes,No,Yes,Yes,No
2021-03-23 01:17:48.259470,2021-03-23 01:22:04.207895,Actor 2,Event type 2,No,No,No,Yes,Yes
2021-03-23 01:25:59.016708,2021-03-23 01:29:53.825521,Actor 2,Event type 3,Yes,No,No,No,Yes
2021-03-23 01:31:33.576016,2021-03-23 01:33:13.326511,Actor 1,Event type 4,No,No,No,Yes,Yes
2021-03-23 01:36:26.049430,2021-03-23 01:39:38.772349,Actor 2,Event type 4,No,Yes,No,No,No
2021-03-23 01:39:46.284338,2021-03-23 01:39:53.796327,Actor 2,Event type 4,No,No,Yes,No,Yes
2021-03-23 01:44:29.288428,2021-03-23 01:49:04.780529,Actor 2,Event type 1,No,Yes,Yes,Yes,No
2021-03-23 01:52:18.896105,2021-03-23 01:55:33.011681,Actor 2,Event type 4,Yes,Yes,Yes,No,No
2021-03-23 02:01:04.525717,2021-03-23 02:06:36.039753,Actor 2,Event type 2,Yes,No,No,Yes,No
2021-03-23 02:08:58.461456,2021-03-23 02:11:20.883159,Actor 2,Event type 4,Yes,Yes,No,No,No
2021-03-23 02:17:16.642632,2021-03-23 02:23:12.402105,Actor 2,Event type 3,No,Yes,Yes,Yes,No
2021-03-23 02:29:09.380659,2021-03-23 02:35:06.359213,Actor 1,Event type 5,Yes,No,Yes,Yes,Yes
2021-03-23 02:40:27.352693,2021-03-23 02:45:48.346173,Actor 2,Event type 2,No,No,Yes,No,No
2021-03-23 02:46:41.828618,2021-03-23 02:47:35.311063,Actor 2,Event type 5,No,Yes,Yes,Yes,No
2021-03-23 02:51:11.336954,2021-03-23 02:54:47.362845,Actor 1,Event type 1,Yes,No,No,Yes,Yes
2021-03-23 02:57:55.474696,2021-03-23 03:01:03.586547,Actor 1,Event type 4,Yes,No,No,No,No
2021-03-23 03:04:25.528093,2021-03-23 03:07:47.469639,Actor 1,Event type 2,Yes,Yes,Yes,Yes,Yes
2021-03-23 03:10:19.928134,2021-03-23 03:12:52.386629,Actor 1,Event type 5,Yes,Yes,No,No,Yes
2021-03-23 03:18:49.086191,2021-03-23 03:24:45.785753,Actor 2,Event type 3,Yes,Yes,Yes,No,No
2021-03-23 03:27:54.913173,2021-03-23 03:31:04.040593,Actor 2,Event type 5,No,Yes,No,Yes,Yes
2021-03-23 03:32:11.829420,2021-03-23 03:33:19.618247,Actor 2,Event type 5,Yes,No,No,Yes,No
2021-03-23 03:38:43.850090,2021-03-23 03:44:08.081933,Actor 2,Event type 5,Yes,Yes,No,No,Yes
2021-03-23 03:46:29.024351,2021-03-23 03:48:49.966769,Actor 1,Event type 3,Yes,No,Yes,No,Yes
2021-03-23 03:53:07.332961,2021-03-23 03:57:24.699153,Actor 1,Event type 4,Yes,No,Yes,No,No
2021-03-23 04:02:35.921916,2021-03-23 04:07:47.144679,Actor 2,Event type 5,No,Yes,Yes,Yes,No
2021-03-23 04:09:33.688120,2021-03-23 04:11:20.231561,Actor 1,Event type 4,Yes,Yes,No,Yes,Yes
2021-03-23 04:12:10.048823,2021-03-23 04:12:59.866085,Actor 1,Event type 3,Yes,No,No,Yes,No
2021-03-23 04:13:59.953479,2021-03-23 04:15:00.040873,Actor 2,Event type 1,No,No,Yes,Yes,No
2021-03-23 04:18:16.000697,2021-03-23 04:21:31.960521,Actor 1,Event type 1,No,Yes,No,No,No
2021-03-23 04:24:09.199990,2021-03-23 04:26:46.439459,Actor 1,Event type 3,Yes,Yes,No,No,No
2021-03-23 04:27:06.862010,2021-03-23 04:27:27.284561,Actor 1,Event type 3,Yes,Yes,Yes,No,Yes
2021-03-23 04:29:42.115702,2021-03-23 04:31:56.946843,Actor 1,Event type 2,No,No,No,Yes,No
2021-03-23 04:37:46.339998,2021-03-23 04:43:35.733153,Actor 1,Event type 2,No,Yes,No,Yes,Yes
2021-03-23 04:48:13.551613,2021-03-23 04:52:51.370073,Actor 2,Event type 5,No,Yes,No,Yes,Yes
2021-03-23 04:58:44.582614,2021-03-23 05:04:37.795155,Actor 1,Event type 3,Yes,Yes,Yes,No,Yes
2021-03-23 05:05:38.683653,2021-03-23 05:06:39.572151,Actor 1,Event type 5,Yes,No,No,Yes,No
2021-03-23 05:11:40.615050,2021-03-23 05:16:41.657949,Actor 2,Event type 3,Yes,No,Yes,No,No
2021-03-23 05:20:27.880512,2021-03-23 05:24:14.103075,Actor 2,Event type 2,Yes,No,Yes,No,Yes
2021-03-23 05:28:49.730607,2021-03-23 05:33:25.358139,Actor 2,Event type 2,No,Yes,Yes,Yes,Yes
2021-03-23 05:36:35.570455,2021-03-23 05:39:45.782771,Actor 1,Event type 1,Yes,Yes,Yes,Yes,Yes
2021-03-23 05:42:46.496051,2021-03-23 05:45:47.209331,Actor 1,Event type 5,Yes,No,No,Yes,No
2021-03-23 05:48:47.296033,2021-03-23 05:51:47.382735,Actor 1,Event type 2,Yes,Yes,No,No,No
2021-03-23 05:53:54.469263,2021-03-23 05:56:01.555791,Actor 1,Event type 1,No,Yes,No,No,Yes
2021-03-23 05:59:14.147621,2021-03-23 06:02:26.739451,Actor 1,Event type 3,No,Yes,No,Yes,No
2021-03-23 06:07:36.077102,2021-03-23 06:12:45.414753,Actor 1,Event type 2,No,No,No,Yes,Yes
2021-03-23 06:17:54.288743,2021-03-23 06:23:03.162733,Actor 1,Event type 5,Yes,No,Yes,No,No
2021-03-23 06:28:01.825805,2021-03-23 06:33:00.488877,Actor 2,Event type 3,Yes,Yes,No,Yes,No
2021-03-23 06:37:37.996430,2021-03-23 06:42:15.503983,Actor 1,Event type 5,No,No,No,No,Yes
2021-03-23 06:43:24.904269,2021-03-23 06:44:34.304555,Actor 1,Event type 5,No,Yes,No,No,No
2021-03-23 06:50:33.521526,2021-03-23 06:56:32.738497,Actor 1,Event type 5,Yes,No,Yes,Yes,Yes
2021-03-23 06:57:40.612229,2021-03-23 06:58:48.485961,Actor 2,Event type 4,No,No,No,Yes,Yes
2021-03-23 07:02:10.922151,2021-03-23 07:05:33.358341,Actor 1,Event type 4,No,No,Yes,Yes,No
2021-03-23 07:06:53.544330,2021-03-23 07:08:13.730319,Actor 1,Event type 5,No,Yes,No,Yes,No
2021-03-23 07:10:57.206385,2021-03-23 07:13:40.682451,Actor 1,Event type 1,No,Yes,No,No,Yes
2021-03-23 07:18:11.785961,2021-03-23 07:22:42.889471,Actor 2,Event type 4,Yes,No,Yes,Yes,Yes
2021-03-23 07:26:43.385061,2021-03-23 07:30:43.880651,Actor 1,Event type 3,Yes,No,Yes,Yes,No
2021-03-23 07:33:47.596159,2021-03-23 07:36:51.311667,Actor 2,Event type 4,Yes,Yes,Yes,Yes,No
2021-03-23 07:40:28.089794,2021-03-23 07:44:04.867921,Actor 1,Event type 2,No,Yes,Yes,No,Yes
2021-03-23 07:48:58.818488,2021-03-23 07:53:52.769055,Actor 2,Event type 5,No,Yes,Yes,Yes,No
2021-03-23 07:55:38.333831,2021-03-23 07:57:23.898607,Actor 2,Event type 3,Yes,Yes,Yes,Yes,No
2021-03-23 07:58:57.463628,2021-03-23 08:00:31.028649,Actor 1,Event type 5,Yes,No,Yes,No,Yes
2021-03-23 08:01:26.792633,2021-03-23 08:02:22.556617,Actor 2,Event type 2,Yes,Yes,Yes,No,Yes
2021-03-23 08:08:15.246923,2021-03-23 08:14:07.937229,Actor 1,Event type 2,No,No,Yes,Yes,No
2021-03-23 08:17:16.484562,2021-03-23 08:20:25.031895,Actor 1,Event type 1,No,Yes,Yes,No,Yes
2021-03-23 08:24:37.047160,2021-03-23 08:28:49.062425,Actor 2,Event type 3,No,Yes,Yes,Yes,No
2021-03-23 08:29:20.298885,2021-03-23 08:29:51.535345,Actor 2,Event type 4,No,Yes,No,No,Yes
2021-03-23 08:30:47.065822,2021-03-23 08:31:42.596299,Actor 1,Event type 1,Yes,No,Yes,No,Yes
2021-03-23 08:32:45.213671,2021-03-23 08:33:47.831043,Actor 1,Event type 1,Yes,Yes,Yes,Yes,Yes
2021-03-23 08:38:08.051852,2021-03-23 08:42:28.272661,Actor 1,Event type 4,No,Yes,No,Yes,Yes
2021-03-23 08:45:52.259172,2021-03-23 08:49:16.245683,Actor 2,Event type 5,No,No,No,Yes,No
2021-03-23 08:52:02.517910,2021-03-23 08:54:48.790137,Actor 1,Event type 2,No,No,No,Yes,No
2021-03-23 08:56:18.400495,2021-03-23 08:57:48.010853,Actor 1,Event type 5,Yes,No,No,Yes,No
2021-03-23 09:01:08.192361,2021-03-23 09:04:28.373869,Actor 1,Event type 3,Yes,Yes,Yes,No,No
2021-03-23 09:05:43.000083,2021-03-23 09:06:57.626297,Actor 1,Event type 5,No,Yes,No,Yes,No
2021-03-23 09:12:39.838189,2021-03-23 09:18:22.050081,Actor 2,Event type 5,No,No,Yes,Yes,No
2021-03-23 09:19:56.199933,2021-03-23 09:21:30.349785,Actor 1,Event type 1,Yes,No,No,Yes,Yes
2021-03-23 09:25:11.842647,2021-03-23 09:28:53.335509,Actor 1,Event type 2,Yes,Yes,Yes,Yes,Yes
2021-03-23 09:30:58.162831,2021-03-23 09:33:02.990153,Actor 1,Event type 4,No,Yes,Yes,Yes,Yes
2021-03-23 09:35:37.396855,2021-03-23 09:38:11.803557,Actor 1,Event type 2,No,No,No,No,No
2021-03-23 09:40:31.971416,2021-03-23 09:42:52.139275,Actor 2,Event type 3,No,Yes,Yes,No,Yes
2021-03-23 09:47:50.589997,2021-03-23 09:52:49.040719,Actor 2,Event type 5,Yes,Yes,Yes,No,Yes
2021-03-23 09:57:32.233539,2021-03-23 10:02:15.426359,Actor 1,Event type 5,No,No,No,No,No
2021-03-23 10:06:49.837883,2021-03-23 10:11:24.249407,Actor 2,Event type 4,No,Yes,Yes,Yes,Yes
2021-03-23 10:12:00.730566,2021-03-23 10:12:37.211725,Actor 1,Event type 3,Yes,Yes,No,No,Yes
2021-03-23 10:17:03.003364,2021-03-23 10:21:28.795003,Actor 2,Event type 2,No,No,No,No,Yes
2021-03-23 10:24:54.992343,2021-03-23 10:28:21.189683,Actor 2,Event type 1,Yes,No,No,Yes,No
2021-03-23 10:33:22.020646,2021-03-23 10:38:22.851609,Actor 2,Event type 3,No,Yes,No,No,Yes
2021-03-23 10:43:46.498972,2021-03-23 10:49:10.146335,Actor 2,Event type 5,Yes,No,No,Yes,No
2021-03-23 10:54:17.904195,2021-03-23 10:59:25.662055,Actor 1,Event type 2,No,Yes,No,Yes,No
2021-03-23 11:03:35.304461,2021-03-23 11:07:44.946867,Actor 2,Event type 5,Yes,No,No,No,Yes
2021-03-23 11:09:44.983862,2021-03-23 11:11:45.020857,Actor 2,Event type 2,No,Yes,No,No,Yes
2021-03-23 11:16:59.272336,2021-03-23 11:22:13.523815,Actor 1,Event type 5,Yes,No,Yes,Yes,No
2021-03-23 11:25:04.829462,2021-03-23 11:27:56.135109,Actor 1,Event type 3,No,No,No,No,Yes
2021-03-23 11:30:39.042765,2021-03-23 11:33:21.950421,Actor 1,Event type 3,No,Yes,Yes,No,No
2021-03-23 11:34:37.108867,2021-03-23 11:35:52.267313,Actor 1,Event type 4,No,Yes,No,Yes,Yes
2021-03-23 11:40:46.193098,2021-03-23 11:45:40.118883,Actor 2,Event type 3,No,No,No,No,Yes
2021-03-23 11:51:38.323954,2021-03-23 11:57:36.529025,Actor 2,Event type 3,Yes,No,Yes,No,No
2021-03-23 11:59:44.643515,2021-03-23 12:01:52.758005,Actor 2,Event type 4,Yes,Yes,No,No,Yes
2021-03-23 12:05:40.306246,2021-03-23 12:09:27.854487,Actor 2,Event type 3,Yes,No,Yes,No,Yes
2021-03-23 12:11:10.611867,2021-03-23 12:12:53.369247,Actor 2,Event type 3,No,No,Yes,Yes,No
2021-03-23 12:13:54.103420,2021-03-23 12:14:54.837593,Actor 2,Event type 4,Yes,No,Yes,No,No
2021-03-23 12:17:14.081348,2021-03-23 12:19:33.325103,Actor 1,Event type 2,No,No,Yes,No,No
2021-03-23 12:21:41.417449,2021-03-23 12:23:49.509795,Actor 2,Event type 1,No,Yes,Yes,Yes,No
2021-03-23 12:27:38.740041,2021-03-23 12:31:27.970287,Actor 1,Event type 3,No,No,No,No,Yes
2021-03-23 12:33:05.684516,2021-03-23 12:34:43.398745,Actor 2,Event type 3,Yes,Yes,No,Yes,No
2021-03-23 12:40:02.440094,2021-03-23 12:45:21.481443,Actor 1,Event type 5,No,No,Yes,No,Yes
2021-03-23 12:49:51.568910,2021-03-23 12:54:21.656377,Actor 2,Event type 5,Yes,Yes,Yes,No,Yes
2021-03-23 12:57:30.312115,2021-03-23 13:00:38.967853,Actor 2,Event type 4,Yes,Yes,No,No,Yes
2021-03-23 13:03:31.577711,2021-03-23 13:06:24.187569,Actor 1,Event type 2,Yes,No,Yes,Yes,Yes
2021-03-23 13:09:30.347758,2021-03-23 13:12:36.507947,Actor 2,Event type 4,No,Yes,Yes,Yes,No
2021-03-23 13:16:32.228323,2021-03-23 13:20:27.948699,Actor 1,Event type 3,No,Yes,Yes,No,No
2021-03-23 13:24:43.011729,2021-03-23 13:28:58.074759,Actor 2,Event type 3,No,Yes,Yes,No,No
2021-03-23 13:30:26.053705,2021-03-23 13:31:54.032651,Actor 1,Event type 1,No,No,No,No,No
2021-03-23 13:35:13.807159,2021-03-23 13:38:33.581667,Actor 1,Event type 3,Yes,Yes,No,No,No
2021-03-23 13:39:34.916983,2021-03-23 13:40:36.252299,Actor 2,Event type 4,No,Yes,Yes,Yes,No
2021-03-23 13:43:18.863733,2021-03-23 13:46:01.475167,Actor 2,Event type 1,No,Yes,Yes,Yes,No
2021-03-23 13:48:50.383422,2021-03-23 13:51:39.291677,Actor 1,Event type 3,Yes,No,No,No,Yes
2021-03-23 13:53:24.548426,2021-03-23 13:55:09.805175,Actor 1,Event type 2,No,No,No,Yes,Yes
2021-03-23 13:57:27.022251,2021-03-23 13:59:44.239327,Actor 2,Event type 4,Yes,Yes,No,No,No
2021-03-23 14:02:06.652824,2021-03-23 14:04:29.066321,Actor 1,Event type 2,Yes,Yes,No,No,No
2021-03-23 14:07:05.293093,2021-03-23 14:09:41.519865,Actor 2,Event type 5,No,Yes,No,Yes,No
2021-03-23 14:14:15.243088,2021-03-23 14:18:48.966311,Actor 1,Event type 3,No,No,No,No,No
2021-03-23 14:23:29.998234,2021-03-23 14:28:11.030157,Actor 2,Event type 1,Yes,No,No,No,No
2021-03-23 14:31:33.654981,2021-03-23 14:34:56.279805,Actor 2,Event type 4,Yes,No,No,No,Yes
2021-03-23 14:35:39.471844,2021-03-23 14:36:22.663883,Actor 2,Event type 4,No,No,Yes,No,Yes
2021-03-23 14:40:06.999282,2021-03-23 14:43:51.334681,Actor 2,Event type 3,No,No,Yes,Yes,No
2021-03-23 14:48:10.671851,2021-03-23 14:52:30.009021,Actor 2,Event type 2,Yes,Yes,Yes,No,Yes
2021-03-23 14:55:32.242352,2021-03-23 14:58:34.475683,Actor 2,Event type 1,No,Yes,No,Yes,Yes
2021-03-23 15:03:01.250281,2021-03-23 15:07:28.024879,Actor 2,Event type 1,No,No,Yes,Yes,No
2021-03-23 15:10:19.795171,2021-03-23 15:13:11.565463,Actor 1,Event type 5,No,No,No,Yes,Yes
2021-03-23 15:16:01.997649,2021-03-23 15:18:52.429835,Actor 1,Event type 4,Yes,No,No,No,Yes
2021-03-23 15:21:52.997412,2021-03-23 15:24:53.564989,Actor 2,Event type 5,Yes,Yes,No,No,No
2021-03-23 15:29:01.259675,2021-03-23 15:33:08.954361,Actor 2,Event type 2,Yes,No,Yes,Yes,Yes
2021-03-23 15:37:33.937720,2021-03-23 15:41:58.921079,Actor 1,Event type 1,No,Yes,No,No,Yes
2021-03-23 15:43:27.499678,2021-03-23 15:44:56.078277,Actor 2,Event type 4,No,No,Yes,No,Yes
2021-03-23 15:50:14.927472,2021-03-23 15:55:33.776667,Actor 2,Event type 5,No,Yes,Yes,No,Yes
2021-03-23 15:56:27.483101,2021-03-23 15:57:21.189535,Actor 1,Event type 3,No,No,Yes,No,Yes
2021-03-23 16:00:01.373980,2021-03-23 16:02:41.558425,Actor 2,Event type 5,No,No,Yes,Yes,Yes
2021-03-23 16:03:42.435104,2021-03-23 16:04:43.311783,Actor 2,Event type 4,No,Yes,No,Yes,No
2021-03-23 16:09:30.416825,2021-03-23 16:14:17.521867,Actor 2,Event type 4,Yes,No,Yes,Yes,Yes
2021-03-23 16:14:29.054707,2021-03-23 16:14:40.587547,Actor 1,Event type 2,No,Yes,No,Yes,Yes
